type,days_for_shipping_(real),days_for_shipment_(scheduled),benefit_per_order,sales_per_customer,delivery_status,late_delivery_risk,category_id,category_name,customer_city,customer_country,customer_email,customer_fname,customer_id,customer_lname,customer_password,customer_segment,customer_state,customer_street,customer_zipcode,department_id,department_name,latitude,longitude,market,order_city,order_country,order_customer_id,order_date_(dateorders),order_id,order_item_cardprod_id,order_item_discount,order_item_discount_rate,order_item_id,order_item_product_price,order_item_profit_ratio,order_item_quantity,sales,order_item_total,order_profit_per_order,order_region,order_state,order_status,order_zipcode,product_card_id,product_category_id,product_description,product_image,product_name,product_price,product_status,shipping_date_(dateorders),shipping_mode
DEBIT,3,4,91.25,314.6400146,Advance shipping,0,73,Sporting Goods,Caguas,Puerto Rico,XXXXXXXXX,Cally,20755,Holloway,XXXXXXXXX,Consumer,PR,5365 Noble Nectar Island,725.0,2,Fitness,18.2514534,-66.03705597,Pacific Asia,Bekasi,Indonesia,20755,1/31/2018 22:56,77202,1360,13.10999966,0.039999999,180517,327.75,0.289999992,1,327.75,314.6400146,91.25,Southeast Asia,Java Occidental,COMPLETE,,1360,73,,http://images.acmesports.sports/Smart+watch ,Smart watch ,327.75,0,2/3/2018 22:56,Standard Class
TRANSFER,5,4,-249.0899963,311.3599854,Late delivery,1,73,Sporting Goods,Caguas,Puerto Rico,XXXXXXXXX,Irene,19492,Luna,XXXXXXXXX,Consumer,PR,2679 Rustic Loop,725.0,2,Fitness,18.27945137,-66.0370636,Pacific Asia,Bikaner,India,19492,1/13/2018 12:27,75939,1360,16.38999939,0.050000001,179254,327.75,-0.800000012,1,327.75,311.3599854,-249.0899963,South Asia,Rajastán,PENDING,,1360,73,,http://images.acmesports.sports/Smart+watch ,Smart watch ,327.75,0,1/18/2018 12:27,Standard Class
CASH,4,4,-247.7799988,309.7200012,Shipping on time,0,73,Sporting Goods,San Jose,EE. UU.,XXXXXXXXX,Gillian,19491,Maldonado,XXXXXXXXX,Consumer,CA,8510 Round Bear Gate,95125.0,2,Fitness,37.29223251,-121.881279,Pacific Asia,Bikaner,India,19491,1/13/2018 12:06,75938,1360,18.03000069,0.059999999,179253,327.75,-0.800000012,1,327.75,309.7200012,-247.7799988,South Asia,Rajastán,CLOSED,,1360,73,,http://images.acmesports.sports/Smart+watch ,Smart watch ,327.75,0,1/17/2018 12:06,Standard Class
DEBIT,3,4,22.86000061,304.8099976,Advance shipping,0,73,Sporting Goods,Los Angeles,EE. UU.,XXXXXXXXX,Tana,19490,Tate,XXXXXXXXX,Home Office,CA,3200 Amber Bend,90027.0,2,Fitness,34.12594605,-118.2910156,Pacific Asia,Townsville,Australia,19490,1/13/2018 11:45,75937,1360,22.94000053,0.07,179252,327.75,0.079999998,1,327.75,304.8099976,22.86000061,Oceania,Queensland,COMPLETE,,1360,73,,http://images.acmesports.sports/Smart+watch ,Smart watch ,327.75,0,1/16/2018 11:45,Standard Class
PAYMENT,2,4,134.2100067,298.25,Advance shipping,0,73,Sporting Goods,Caguas,Puerto Rico,XXXXXXXXX,Orli,19489,Hendricks,XXXXXXXXX,Corporate,PR,8671 Iron Anchor Corners,725.0,2,Fitness,18.25376892,-66.03704834,Pacific Asia,Townsville,Australia,19489,1/13/2018 11:24,75936,1360,29.5,0.090000004,179251,327.75,0.449999988,1,327.75,298.25,134.2100067,Oceania,Queensland,PENDING_PAYMENT,,1360,73,,http://images.acmesports.sports/Smart+watch ,Smart watch ,327.75,0,1/15/2018 11:24,Standard Class
TRANSFER,6,4,18.57999992,294.980011,Shipping canceled,0,73,Sporting Goods,Tonawanda,EE. UU.,XXXXXXXXX,Kimberly,19488,Flowers,XXXXXXXXX,Consumer,NY,2122 Hazy Corner,14150.0,2,Fitness,43.01396942,-78.87906647,Pacific Asia,Toowoomba,Australia,19488,1/13/2018 11:03,75935,1360,32.77999878,0.100000001,179250,327.75,0.059999999,1,327.75,294.980011,18.57999992,Oceania,Queensland,CANCELED,,1360,73,,http://images.acmesports.sports/Smart+watch ,Smart watch ,327.75,0,1/19/2018 11:03,Standard Class
DEBIT,2,1,95.18000031,288.4200134,Late delivery,1,73,Sporting Goods,Caguas,Puerto Rico,XXXXXXXXX,Constance,19487,Terrell,XXXXXXXXX,Home Office,PR,1879 Green Pine Bank,725.0,2,Fitness,18.24253845,-66.03705597,Pacific Asia,Guangzhou,China,19487,1/13/2018 10:42,75934,1360,39.33000183,0.119999997,179249,327.75,0.330000013,1,327.75,288.4200134,95.18000031,Eastern Asia,Guangdong,COMPLETE,,1360,73,,http://images.acmesports.sports/Smart+watch ,Smart watch ,327.75,0,1/15/2018 10:42,First Class
TRANSFER,2,1,68.43000031,285.1400146,Late delivery,1,73,Sporting Goods,Miami,EE. UU.,XXXXXXXXX,Erica,19486,Stevens,XXXXXXXXX,Corporate,FL,7595 Cotton Log Row,33162.0,2,Fitness,25.92886925,-80.16287231,Pacific Asia,Guangzhou,China,19486,1/13/2018 10:21,75933,1360,42.61000061,0.129999995,179248,327.75,0.239999995,1,327.75,285.1400146,68.43000031,Eastern Asia,Guangdong,PROCESSING,,1360,73,,http://images.acmesports.sports/Smart+watch ,Smart watch ,327.75,0,1/15/2018 10:21,First Class
CASH,3,2,133.7200012,278.5899963,Late delivery,1,73,Sporting Goods,Caguas,Puerto Rico,XXXXXXXXX,Nichole,19485,Olsen,XXXXXXXXX,Corporate,PR,2051 Dusty Route,725.0,2,Fitness,18.23322296,-66.03705597,Pacific Asia,Guangzhou,China,19485,1/13/2018 10:00,75932,1360,49.15999985,0.150000006,179247,327.75,0.479999989,1,327.75,278.5899963,133.7200012,Eastern Asia,Guangdong,CLOSED,,1360,73,,http://images.acmesports.sports/Smart+watch ,Smart watch ,327.75,0,1/16/2018 10:00,Second Class
CASH,2,1,132.1499939,275.3099976,Late delivery,1,73,Sporting Goods,San Ramon,EE. UU.,XXXXXXXXX,Oprah,19484,Delacruz,XXXXXXXXX,Corporate,CA,9139 Blue Blossom Court,94583.0,2,Fitness,37.77399063,-121.966629,Pacific Asia,Guangzhou,China,19484,1/13/2018 9:39,75931,1360,52.43999863,0.159999996,179246,327.75,0.479999989,1,327.75,275.3099976,132.1499939,Eastern Asia,Guangdong,CLOSED,,1360,73,,http://images.acmesports.sports/Smart+watch ,Smart watch ,327.75,0,1/15/2018 9:39,First Class
TRANSFER,6,2,130.5800018,272.0299988,Shipping canceled,0,73,Sporting Goods,Caguas,Puerto Rico,XXXXXXXXX,Germane,19483,Short,XXXXXXXXX,Corporate,PR,4058 Quiet Heights,725.0,2,Fitness,18.28284454,-66.03705597,Pacific Asia,Tokio,Japón,19483,1/13/2018 9:18,75930,1360,55.72000122,0.170000002,179245,327.75,0.479999989,1,327.75,272.0299988,130.5800018,Eastern Asia,Tokio,SUSPECTED_FRAUD,,1360,73,,http://images.acmesports.sports/Smart+watch ,Smart watch ,327.75,0,1/19/2018 9:18,Second Class
TRANSFER,5,2,45.68999863,268.7600098,Late delivery,1,73,Sporting Goods,Freeport,EE. UU.,XXXXXXXXX,Freya,19482,Robbins,XXXXXXXXX,Consumer,NY,3243 Shady Corner,11520.0,2,Fitness,40.65486527,-73.58707428,Pacific Asia,Manado,Indonesia,19482,1/13/2018 8:57,75929,1360,59.0,0.180000007,179244,327.75,0.170000002,1,327.75,268.7600098,45.68999863,Southeast Asia,Célebes Septentrional,PENDING,,1360,73,,http://images.acmesports.sports/Smart+watch ,Smart watch ,327.75,0,1/18/2018 8:57,Second Class
TRANSFER,4,2,21.76000023,262.2000122,Late delivery,1,73,Sporting Goods,Salinas,EE. UU.,XXXXXXXXX,Cassandra,19481,Jensen,XXXXXXXXX,Corporate,CA,131 Sunny Treasure Green,93905.0,2,Fitness,36.6763382,-121.656517,Pacific Asia,Manado,Indonesia,19481,1/13/2018 8:36,75928,1360,65.55000305,0.200000003,179243,327.75,0.079999998,1,327.75,262.2000122,21.76000023,Southeast Asia,Célebes Septentrional,PENDING,,1360,73,,http://images.acmesports.sports/Smart+watch ,Smart watch ,327.75,0,1/17/2018 8:36,Second Class
DEBIT,2,1,24.57999992,245.8099976,Late delivery,1,73,Sporting Goods,Caguas,Puerto Rico,XXXXXXXXX,Natalie,19480,Mcfadden,XXXXXXXXX,Corporate,PR,2531 Wishing Square,725.0,2,Fitness,18.27843857,-66.03705597,Pacific Asia,Sangli,India,19480,1/13/2018 8:15,75927,1360,81.94000244,0.25,179242,327.75,0.100000001,1,327.75,245.8099976,24.57999992,South Asia,Maharashtra,COMPLETE,,1360,73,,http://images.acmesports.sports/Smart+watch ,Smart watch ,327.75,0,1/15/2018 8:15,First Class
TRANSFER,2,1,16.38999939,327.75,Late delivery,1,73,Sporting Goods,Peabody,EE. UU.,XXXXXXXXX,Kimberley,19479,Sharpe,XXXXXXXXX,Corporate,MA,6417 Silver Towers,1960.0,2,Fitness,42.52627564,-70.92703247,Pacific Asia,Sangli,India,19479,1/13/2018 7:54,75926,1360,0.0,0.0,179241,327.75,0.050000001,1,327.75,327.75,16.38999939,South Asia,Maharashtra,PROCESSING,,1360,73,,http://images.acmesports.sports/Smart+watch ,Smart watch ,327.75,0,1/15/2018 7:54,First Class
DEBIT,2,1,-259.5799866,324.4700012,Late delivery,1,73,Sporting Goods,Caguas,Puerto Rico,XXXXXXXXX,Sade,19478,Lancaster,XXXXXXXXX,Corporate,PR,257 Harvest Close,725.0,2,Fitness,18.28404999,-66.03705597,Pacific Asia,Sangli,India,19478,1/13/2018 7:33,75925,1360,3.279999971,0.01,179240,327.75,-0.800000012,1,327.75,324.4700012,-259.5799866,South Asia,Maharashtra,COMPLETE,,1360,73,,http://images.acmesports.sports/Smart+watch ,Smart watch ,327.75,0,1/15/2018 7:33,First Class
PAYMENT,5,2,-246.3600006,321.2000122,Late delivery,1,73,Sporting Goods,Canovanas,Puerto Rico,XXXXXXXXX,Brynne,19477,Giles,XXXXXXXXX,Corporate,PR,7342 Hazy Beacon Park,729.0,2,Fitness,18.3957901,-65.87288666,Pacific Asia,Seúl,Corea del Sur,19477,1/13/2018 7:12,75924,1360,6.559999943,0.02,179239,327.75,-0.769999981,1,327.75,321.2000122,-246.3600006,Eastern Asia,Seúl,PENDING_PAYMENT,,1360,73,,http://images.acmesports.sports/Smart+watch ,Smart watch ,327.75,0,1/18/2018 7:12,Second Class
CASH,2,1,23.84000015,317.9200134,Late delivery,1,73,Sporting Goods,Paramount,EE. UU.,XXXXXXXXX,Ciara,19476,Bird,XXXXXXXXX,Corporate,CA,7787 Lazy Corners,90723.0,2,Fitness,33.89869309,-118.1745605,Pacific Asia,Jabalpur,India,19476,1/13/2018 6:51,75923,1360,9.829999924,0.029999999,179238,327.75,0.079999998,1,327.75,317.9200134,23.84000015,South Asia,Madhya Pradesh,CLOSED,,1360,73,,http://images.acmesports.sports/Smart+watch ,Smart watch ,327.75,0,1/15/2018 6:51,First Class
DEBIT,2,1,102.2600021,314.6400146,Late delivery,1,73,Sporting Goods,Caguas,Puerto Rico,XXXXXXXXX,Bo,19475,Griffin,XXXXXXXXX,Consumer,PR,5136 Rustic Pioneer Estates,725.0,2,Fitness,18.233778,-66.0370636,Pacific Asia,Jabalpur,India,19475,1/13/2018 6:30,75922,1360,13.10999966,0.039999999,179237,327.75,0.330000013,1,327.75,314.6400146,102.2600021,South Asia,Madhya Pradesh,COMPLETE,,1360,73,,http://images.acmesports.sports/Smart+watch ,Smart watch ,327.75,0,1/15/2018 6:30,First Class
PAYMENT,0,0,87.18000031,311.3599854,Shipping on time,0,73,Sporting Goods,Mount Prospect,EE. UU.,XXXXXXXXX,Kim,19474,Simon,XXXXXXXXX,Consumer,IL,1723 Tawny Via,60056.0,2,Fitness,42.04830551,-87.96134186,Pacific Asia,Jabalpur,India,19474,1/13/2018 6:09,75921,1360,16.38999939,0.050000001,179236,327.75,0.280000001,1,327.75,311.3599854,87.18000031,South Asia,Madhya Pradesh,PENDING_PAYMENT,,1360,73,,http://images.acmesports.sports/Smart+watch ,Smart watch ,327.75,0,1/13/2018 18:09,Same Day
TRANSFER,0,0,154.8600006,309.7200012,Shipping on time,0,73,Sporting Goods,Long Beach,EE. UU.,XXXXXXXXX,Kellie,19473,Farmer,XXXXXXXXX,Corporate,CA,7111 Silent Fox Gardens,90813.0,2,Fitness,33.78245163,-118.1922455,Pacific Asia,Jabalpur,India,19473,1/13/2018 5:48,75920,1360,18.03000069,0.059999999,179235,327.75,0.5,1,327.75,309.7200012,154.8600006,South Asia,Madhya Pradesh,PROCESSING,,1360,73,,http://images.acmesports.sports/Smart+watch ,Smart watch ,327.75,0,1/13/2018 17:48,Same Day
TRANSFER,5,4,82.30000305,304.8099976,Late delivery,1,73,Sporting Goods,Caguas,Puerto Rico,XXXXXXXXX,Alma,19472,Conley,XXXXXXXXX,Corporate,PR,3732 Old Mountain Bank,725.0,2,Fitness,18.28337669,-66.03705597,Pacific Asia,Jabalpur,India,19472,1/13/2018 5:27,75919,1360,22.94000053,0.07,179234,327.75,0.270000011,1,327.75,304.8099976,82.30000305,South Asia,Madhya Pradesh,PENDING,,1360,73,,http://images.acmesports.sports/Smart+watch ,Smart watch ,327.75,0,1/18/2018 5:27,Standard Class
TRANSFER,4,2,22.37000084,298.25,Late delivery,1,73,Sporting Goods,Rancho Cordova,EE. UU.,XXXXXXXXX,Yeo,19471,Bird,XXXXXXXXX,Corporate,CA,6217 Rustic Lake Forest,95670.0,2,Fitness,38.61177445,-121.2828674,Pacific Asia,Geelong,Australia,19471,1/13/2018 5:06,75918,1360,29.5,0.090000004,179233,327.75,0.079999998,1,327.75,298.25,22.37000084,Oceania,Victoria,PENDING,,1360,73,,http://images.acmesports.sports/Smart+watch ,Smart watch ,327.75,0,1/17/2018 5:06,Second Class
TRANSFER,3,2,17.70000076,294.980011,Shipping canceled,0,73,Sporting Goods,Caguas,Puerto Rico,XXXXXXXXX,Lucy,19470,Mcknight,XXXXXXXXX,Corporate,PR,1082 Quiet Treasure Link,725.0,2,Fitness,18.20733643,-66.03705597,Pacific Asia,Geelong,Australia,19470,1/13/2018 4:45,75917,1360,32.77999878,0.100000001,179232,327.75,0.059999999,1,327.75,294.980011,17.70000076,Oceania,Victoria,CANCELED,,1360,73,,http://images.acmesports.sports/Smart+watch ,Smart watch ,327.75,0,1/16/2018 4:45,Second Class
TRANSFER,2,2,90.27999878,288.4200134,Shipping canceled,0,73,Sporting Goods,Billings,EE. UU.,XXXXXXXXX,Simone,19469,Vance,XXXXXXXXX,Corporate,MT,3176 Round Gate,59102.0,2,Fitness,45.78831101,-108.5594101,Pacific Asia,Brisbane,Australia,19469,1/13/2018 4:24,75916,1360,39.33000183,0.119999997,179231,327.75,0.310000002,1,327.75,288.4200134,90.27999878,Oceania,Queensland,SUSPECTED_FRAUD,,1360,73,,http://images.acmesports.sports/Smart+watch ,Smart watch ,327.75,0,1/15/2018 4:24,Second Class
DEBIT,6,2,131.1699982,285.1400146,Late delivery,1,73,Sporting Goods,Caguas,Puerto Rico,XXXXXXXXX,Roary,19468,Wheeler,XXXXXXXXX,Corporate,PR,1426 Fallen Line,725.0,2,Fitness,18.26163292,-66.03705597,Pacific Asia,Mandurah,Australia,19468,1/13/2018 4:03,75915,1360,42.61000061,0.129999995,179230,327.75,0.460000008,1,327.75,285.1400146,131.1699982,Oceania,Australia Occidental,COMPLETE,,1360,73,,http://images.acmesports.sports/Smart+watch ,Smart watch ,327.75,0,1/19/2018 4:03,Second Class
TRANSFER,5,2,90.54000092,278.5899963,Late delivery,1,73,Sporting Goods,Wilkes Barre,EE. UU.,XXXXXXXXX,Quail,19467,Ashley,XXXXXXXXX,Consumer,PA,9814 Emerald Prairie Limits,18702.0,2,Fitness,41.23545456,-75.86985779,Pacific Asia,Mandurah,Australia,19467,1/13/2018 3:42,75914,1360,49.15999985,0.150000006,179229,327.75,0.330000013,1,327.75,278.5899963,90.54000092,Oceania,Australia Occidental,PENDING,,1360,73,,http://images.acmesports.sports/Smart+watch ,Smart watch ,327.75,0,1/18/2018 3:42,Second Class
PAYMENT,4,4,82.58999634,275.3099976,Shipping on time,0,73,Sporting Goods,Caguas,Puerto Rico,XXXXXXXXX,Hannah,19466,Velez,XXXXXXXXX,Corporate,PR,8271 Tawny Elk Abbey,725.0,2,Fitness,18.27022362,-66.0370636,Pacific Asia,Guilin,China,19466,1/13/2018 3:21,75913,1360,52.43999863,0.159999996,179228,327.75,0.300000012,1,327.75,275.3099976,82.58999634,Eastern Asia,Guangxi,PENDING_PAYMENT,,1360,73,,http://images.acmesports.sports/Smart+watch ,Smart watch ,327.75,0,1/17/2018 3:21,Standard Class
DEBIT,3,4,-17.13999939,272.0299988,Advance shipping,0,73,Sporting Goods,Roseville,EE. UU.,XXXXXXXXX,Evelyn,19465,Kelly,XXXXXXXXX,Corporate,MI,3931 Gentle Ramp,48066.0,2,Fitness,41.86886215,-84.57365418,Pacific Asia,Guilin,China,19465,1/13/2018 3:00,75912,1360,55.72000122,0.170000002,179227,327.75,-0.059999999,1,327.75,272.0299988,-17.13999939,Eastern Asia,Guangxi,COMPLETE,,1360,73,,http://images.acmesports.sports/Smart+watch ,Smart watch ,327.75,0,1/16/2018 3:00,Standard Class
TRANSFER,2,4,23.64999962,268.7600098,Advance shipping,0,73,Sporting Goods,Bellflower,EE. UU.,XXXXXXXXX,Jael,19464,Mcfarland,XXXXXXXXX,Consumer,CA,9699 Honey Rise,90706.0,2,Fitness,33.90942383,-118.1253586,Pacific Asia,Guilin,China,19464,1/13/2018 2:39,75911,1360,59.0,0.180000007,179226,327.75,0.090000004,1,327.75,268.7600098,23.64999962,Eastern Asia,Guangxi,PROCESSING,,1360,73,,http://images.acmesports.sports/Smart+watch ,Smart watch ,327.75,0,1/15/2018 2:39,Standard Class
DEBIT,6,4,73.41999817,262.2000122,Late delivery,1,73,Sporting Goods,Caguas,Puerto Rico,XXXXXXXXX,Teagan,19463,Romero,XXXXXXXXX,Consumer,PR,1564 Rocky Terrace,725.0,2,Fitness,18.27526093,-66.0370636,Pacific Asia,Guilin,China,19463,1/13/2018 2:18,75910,1360,65.55000305,0.200000003,179225,327.75,0.280000001,1,327.75,262.2000122,73.41999817,Eastern Asia,Guangxi,ON_HOLD,,1360,73,,http://images.acmesports.sports/Smart+watch ,Smart watch ,327.75,0,1/19/2018 2:18,Standard Class
DEBIT,5,4,113.0699997,245.8099976,Late delivery,1,73,Sporting Goods,Wheaton,EE. UU.,XXXXXXXXX,Joan,19462,Wilder,XXXXXXXXX,Consumer,IL,4294 High Passage,60187.0,2,Fitness,41.86544037,-88.10990143,Pacific Asia,Delhi,India,19462,1/13/2018 1:57,75909,1360,81.94000244,0.25,179224,327.75,0.460000008,1,327.75,245.8099976,113.0699997,South Asia,Delhi,COMPLETE,,1360,73,,http://images.acmesports.sports/Smart+watch ,Smart watch ,327.75,0,1/18/2018 1:57,Standard Class
PAYMENT,4,4,24.57999992,327.75,Shipping on time,0,73,Sporting Goods,Caguas,Puerto Rico,XXXXXXXXX,Basia,19461,Watts,XXXXXXXXX,Consumer,PR,5918 Golden Beacon Freeway,725.0,2,Fitness,18.28713608,-66.03705597,Pacific Asia,Delhi,India,19461,1/13/2018 1:36,75908,1360,0.0,0.0,179223,327.75,0.079999998,1,327.75,327.75,24.57999992,South Asia,Delhi,PENDING_PAYMENT,,1360,73,,http://images.acmesports.sports/Smart+watch ,Smart watch ,327.75,0,1/17/2018 1:36,Standard Class
DEBIT,2,1,-97.33999634,324.4700012,Late delivery,1,73,Sporting Goods,Detroit,EE. UU.,XXXXXXXXX,Dominique,19460,Rogers,XXXXXXXXX,Consumer,MI,3915 Broad Lookout,48238.0,2,Fitness,42.39110184,-83.13121796,Pacific Asia,Suzhou,China,19460,1/13/2018 1:15,75907,1360,3.279999971,0.01,179222,327.75,-0.300000012,1,327.75,324.4700012,-97.33999634,Eastern Asia,Gansu,COMPLETE,,1360,73,,http://images.acmesports.sports/Smart+watch ,Smart watch ,327.75,0,1/15/2018 1:15,First Class
PAYMENT,2,1,-425.5799866,321.2000122,Late delivery,1,73,Sporting Goods,Dallas,EE. UU.,XXXXXXXXX,Ainsley,19459,Mathis,XXXXXXXXX,Consumer,TX,7190 Silver Horse Glade,75220.0,2,Fitness,32.86539459,-96.86858368,Pacific Asia,Suzhou,China,19459,1/13/2018 0:54,75906,1360,6.559999943,0.02,179221,327.75,-1.330000043,1,327.75,321.2000122,-425.5799866,Eastern Asia,Gansu,PENDING_PAYMENT,,1360,73,,http://images.acmesports.sports/Smart+watch ,Smart watch ,327.75,0,1/15/2018 0:54,First Class
PAYMENT,2,1,152.6000061,317.9200134,Late delivery,1,73,Sporting Goods,Caguas,Puerto Rico,XXXXXXXXX,Aurora,19458,Sharp,XXXXXXXXX,Corporate,PR,830 Broad Beacon Maze,725.0,2,Fitness,18.24074173,-66.03705597,Pacific Asia,Singapur,Singapur,19458,1/13/2018 0:33,75905,1360,9.829999924,0.029999999,179220,327.75,0.479999989,1,327.75,317.9200134,152.6000061,Southeast Asia,Singapur,PENDING_PAYMENT,,1360,73,,http://images.acmesports.sports/Smart+watch ,Smart watch ,327.75,0,1/15/2018 0:33,First Class
CASH,2,1,151.0299988,314.6400146,Late delivery,1,73,Sporting Goods,Carlisle,EE. UU.,XXXXXXXXX,Libby,19457,Bray,XXXXXXXXX,Corporate,PA,6127 Dewy Goose Downs,17013.0,2,Fitness,40.03171921,-76.87709808,Pacific Asia,Hubli,India,19457,1/13/2018 0:12,75904,1360,13.10999966,0.039999999,179219,327.75,0.479999989,1,327.75,314.6400146,151.0299988,South Asia,Karnataka,CLOSED,,1360,73,,http://images.acmesports.sports/Smart+watch ,Smart watch ,327.75,0,1/15/2018 0:12,First Class
DEBIT,2,1,62.27000046,311.3599854,Late delivery,1,73,Sporting Goods,Dallas,EE. UU.,XXXXXXXXX,Amy,19456,Lindsay,XXXXXXXXX,Corporate,TX,1188 Old Abbey,75228.0,2,Fitness,32.81010819,-96.68649292,Pacific Asia,Wollongong,Australia,19456,1/12/2018 23:51,75903,1360,16.38999939,0.050000001,179218,327.75,0.200000003,1,327.75,311.3599854,62.27000046,Oceania,Nueva Gales del Sur,COMPLETE,,1360,73,,http://images.acmesports.sports/Smart+watch ,Smart watch ,327.75,0,1/14/2018 23:51,First Class
DEBIT,1,0,35.0,309.7200012,Late delivery,1,73,Sporting Goods,Caguas,Puerto Rico,XXXXXXXXX,Ivory,19455,Parks,XXXXXXXXX,Consumer,PR,7004 Hazy Lake Townline,725.0,2,Fitness,18.28604889,-66.03705597,Pacific Asia,Wollongong,Australia,19455,1/12/2018 23:30,75902,1360,18.03000069,0.059999999,179217,327.75,0.109999999,1,327.75,309.7200012,35.0,Oceania,Nueva Gales del Sur,COMPLETE,,1360,73,,http://images.acmesports.sports/Smart+watch ,Smart watch ,327.75,0,1/13/2018 11:30,Same Day
TRANSFER,1,0,57.29999924,304.8099976,Shipping canceled,0,73,Sporting Goods,Newark,EE. UU.,XXXXXXXXX,Karina,19454,Prince,XXXXXXXXX,Consumer,DE,2556 Umber Autoroute,19702.0,2,Fitness,39.68188095,-75.64421082,Pacific Asia,Wollongong,Australia,19454,1/12/2018 23:09,75901,1360,22.94000053,0.07,179216,327.75,0.189999998,1,327.75,304.8099976,57.29999924,Oceania,Nueva Gales del Sur,CANCELED,,1360,73,,http://images.acmesports.sports/Smart+watch ,Smart watch ,327.75,0,1/13/2018 11:09,Same Day
PAYMENT,1,0,143.1600037,298.25,Late delivery,1,73,Sporting Goods,Panorama City,EE. UU.,XXXXXXXXX,Deanna,19453,Goff,XXXXXXXXX,Consumer,CA,3722 Thunder Cape,91402.0,2,Fitness,34.15893936,-118.1809387,Pacific Asia,Singapur,Singapur,19453,1/12/2018 22:48,75900,1360,29.5,0.090000004,179215,327.75,0.479999989,1,327.75,298.25,143.1600037,Southeast Asia,Singapur,PENDING_PAYMENT,,1360,73,,http://images.acmesports.sports/Smart+watch ,Smart watch ,327.75,0,1/13/2018 10:48,Same Day
DEBIT,1,0,135.6900024,294.980011,Late delivery,1,73,Sporting Goods,Caguas,Puerto Rico,XXXXXXXXX,Dacey,19452,Walters,XXXXXXXXX,Home Office,PR,2676 Velvet Common,725.0,2,Fitness,18.28294563,-66.0370636,Pacific Asia,Singapur,Singapur,19452,1/12/2018 22:27,75899,1360,32.77999878,0.100000001,179214,327.75,0.460000008,1,327.75,294.980011,135.6900024,Southeast Asia,Singapur,COMPLETE,,1360,73,,http://images.acmesports.sports/Smart+watch ,Smart watch ,327.75,0,1/13/2018 10:27,Same Day
CASH,4,4,132.6699982,288.4200134,Shipping on time,0,73,Sporting Goods,Atlanta,EE. UU.,XXXXXXXXX,Adele,19451,Pennington,XXXXXXXXX,Home Office,GA,833 Amber Anchor Glen,30318.0,2,Fitness,33.81632614,-84.44550324,Pacific Asia,Medan,Indonesia,19451,1/12/2018 22:05,75898,1360,39.33000183,0.119999997,179213,327.75,0.460000008,1,327.75,288.4200134,132.6699982,Southeast Asia,Sumatra Septentrional,CLOSED,,1360,73,,http://images.acmesports.sports/Smart+watch ,Smart watch ,327.75,0,1/16/2018 22:05,Standard Class
PAYMENT,3,4,119.7600021,285.1400146,Advance shipping,0,73,Sporting Goods,Caguas,Puerto Rico,XXXXXXXXX,Sybill,19450,Spencer,XXXXXXXXX,Home Office,PR,830 Quaking Bear Grounds,725.0,2,Fitness,18.24103928,-66.0370636,Pacific Asia,Medan,Indonesia,19450,1/12/2018 21:44,75897,1360,42.61000061,0.129999995,179212,327.75,0.419999987,1,327.75,285.1400146,119.7600021,Southeast Asia,Sumatra Septentrional,PENDING_PAYMENT,,1360,73,,http://images.acmesports.sports/Smart+watch ,Smart watch ,327.75,0,1/15/2018 21:44,Standard Class
DEBIT,2,4,31.47999954,278.5899963,Advance shipping,0,73,Sporting Goods,Fremont,EE. UU.,XXXXXXXXX,Kay,19449,Sandoval,XXXXXXXXX,Consumer,CA,1509 Middle Oak Isle,94539.0,2,Fitness,37.49027634,-121.9271088,Pacific Asia,Canberra,Australia,19449,1/12/2018 21:23,75896,1360,49.15999985,0.150000006,179211,327.75,0.109999999,1,327.75,278.5899963,31.47999954,Oceania,Territorio de la Capital Australiana,COMPLETE,,1360,73,,http://images.acmesports.sports/Smart+watch ,Smart watch ,327.75,0,1/14/2018 21:23,Standard Class
TRANSFER,6,4,86.16999817,275.3099976,Late delivery,1,73,Sporting Goods,Caguas,Puerto Rico,XXXXXXXXX,Stacy,19448,Mckinney,XXXXXXXXX,Corporate,PR,9712 Fallen Robin Diversion,725.0,2,Fitness,18.26469612,-66.03705597,Pacific Asia,Bangalore,India,19448,1/12/2018 21:02,75895,1360,52.43999863,0.159999996,179210,327.75,0.310000002,1,327.75,275.3099976,86.16999817,South Asia,Karnataka,PENDING,,1360,73,,http://images.acmesports.sports/Smart+watch ,Smart watch ,327.75,0,1/18/2018 21:02,Standard Class
TRANSFER,5,2,130.5800018,272.0299988,Late delivery,1,73,Sporting Goods,Rochester,EE. UU.,XXXXXXXXX,Marah,19447,Lara,XXXXXXXXX,Corporate,NY,8665 Sunny Deer Woods,14609.0,2,Fitness,43.18824005,-77.56706238,Pacific Asia,Bangalore,India,19447,1/12/2018 20:41,75894,1360,55.72000122,0.170000002,179209,327.75,0.479999989,1,327.75,272.0299988,130.5800018,South Asia,Karnataka,PENDING,,1360,73,,http://images.acmesports.sports/Smart+watch ,Smart watch ,327.75,0,1/17/2018 20:41,Second Class
TRANSFER,4,4,0.0,268.7600098,Shipping on time,0,73,Sporting Goods,Dallas,EE. UU.,XXXXXXXXX,Taylor,19446,Wood,XXXXXXXXX,Corporate,TX,9879 Harvest Deer Farms,75211.0,2,Fitness,32.753685,-96.86553955,Pacific Asia,Yiwu,China,19446,1/12/2018 20:20,75893,1360,59.0,0.180000007,179208,327.75,0.0,1,327.75,268.7600098,0.0,Eastern Asia,Zhejiang,PROCESSING,,1360,73,,http://images.acmesports.sports/Smart+watch ,Smart watch ,327.75,0,1/16/2018 20:20,Standard Class
PAYMENT,5,2,-30.75,115.1800003,Late delivery,1,17,Cleats,Bayamon,Puerto Rico,XXXXXXXXX,Mary,9083,Frank,XXXXXXXXX,Home Office,PR,75 Sunny Grounds,957.0,4,Apparel,18.38011932,-66.18312836,Pacific Asia,Mirzapur,India,9083,2/24/2016 13:57,28744,365,4.800000191,0.039999999,71956,59.99000168,-0.270000011,2,119.9800034,115.1800003,-30.75,South Asia,Uttar Pradesh,PENDING_PAYMENT,,365,17,,http://images.acmesports.sports/Perfect+Fitness+Perfect+Rip+Deck,Perfect Fitness Perfect Rip Deck,59.99000168,0,2/29/2016 13:57,Second Class
PAYMENT,2,2,-122.7300034,79.18000031,Shipping on time,0,29,Shop By Sport,Caguas,Puerto Rico,XXXXXXXXX,Mary,4741,Smith,XXXXXXXXX,Home Office,PR,9731 Honey Fox Towers,725.0,5,Golf,18.23557282,-66.3706131,Pacific Asia,Bursa,Turquía,4741,10/25/2016 14:39,45461,627,0.800000012,0.01,113598,39.99000168,-1.549999952,2,79.98000336,79.18000031,-122.7300034,West Asia,Bursa,PENDING_PAYMENT,,627,29,,http://images.acmesports.sports/Under+Armour+Girls%27+Toddler+Spine+Surge+Running+Shoe,Under Armour Girls' Toddler Spine Surge Runni,39.99000168,0,10/27/2016 14:39,Second Class
PAYMENT,6,2,33.59999847,96.0,Late delivery,1,24,Women's Apparel,Caguas,Puerto Rico,XXXXXXXXX,Elizabeth,639,Pittman,XXXXXXXXX,Home Office,PR,7573 Golden Treasure Centre,725.0,5,Golf,18.02536774,-66.61303711,Pacific Asia,Murray Bridge,Australia,639,3/30/2016 4:37,31115,502,4.0,0.039999999,77757,50.0,0.349999994,2,100.0,96.0,33.59999847,Oceania,Australia del Sur,PENDING_PAYMENT,,502,24,,http://images.acmesports.sports/Nike+Men%27s+Dri-FIT+Victory+Golf+Polo,Nike Men's Dri-FIT Victory Golf Polo,50.0,0,4/5/2016 4:37,Second Class
PAYMENT,2,2,24.69000053,75.98000336,Shipping on time,0,29,Shop By Sport,Caguas,Puerto Rico,XXXXXXXXX,Katherine,9702,Tyler,XXXXXXXXX,Home Office,PR,8369 Sunny Crossing,725.0,5,Golf,18.27383804,-66.37063599,Pacific Asia,Kartal,Turquía,9702,10/30/2016 1:31,45766,627,4.0,0.050000001,114401,39.99000168,0.330000013,2,79.98000336,75.98000336,24.69000053,West Asia,Estambul,PENDING_PAYMENT,,627,29,,http://images.acmesports.sports/Under+Armour+Girls%27+Toddler+Spine+Surge+Running+Shoe,Under Armour Girls' Toddler Spine Surge Runni,39.99000168,0,11/1/2016 1:31,Second Class
PAYMENT,3,2,9.100000381,91.0,Late delivery,1,24,Women's Apparel,Caguas,Puerto Rico,XXXXXXXXX,Mary,9114,Smith,XXXXXXXXX,Home Office,PR,1425 Fallen Fox Arbor,725.0,5,Golf,18.2848053,-66.37059021,Pacific Asia,Ulan Bator,Mongolia,9114,11/28/2016 1:18,47752,502,9.0,0.090000004,119405,50.0,0.100000001,2,100.0,91.0,9.100000381,Eastern Asia,Ulán Bator,PENDING_PAYMENT,,502,24,,http://images.acmesports.sports/Nike+Men%27s+Dri-FIT+Victory+Golf+Polo,Nike Men's Dri-FIT Victory Golf Polo,50.0,0,12/1/2016 1:18,Second Class
PAYMENT,5,2,-21.75,87.0,Late delivery,1,24,Women's Apparel,Caguas,Puerto Rico,XXXXXXXXX,Dennis,1362,Smith,XXXXXXXXX,Home Office,PR,2290 Crystal Pathway,725.0,5,Golf,18.29496765,-66.37050629,Pacific Asia,Estambul,Turquía,1362,12/31/2016 15:47,50054,502,13.0,0.129999995,125135,50.0,-0.25,2,100.0,87.0,-21.75,West Asia,Estambul,PENDING_PAYMENT,,502,24,,http://images.acmesports.sports/Nike+Men%27s+Dri-FIT+Victory+Golf+Polo,Nike Men's Dri-FIT Victory Golf Polo,50.0,0,1/5/2017 15:47,Second Class
PAYMENT,6,2,6.150000095,82.0,Late delivery,1,24,Women's Apparel,Caguas,Puerto Rico,XXXXXXXXX,Mary,8011,Hill,XXXXXXXXX,Home Office,PR,6179 Noble Panda Moor,725.0,5,Golf,18.25571251,-66.37050629,Pacific Asia,Raipur,India,8011,10/25/2015 6:24,20365,502,18.0,0.180000007,50842,50.0,0.079999998,2,100.0,82.0,6.150000095,South Asia,Rajastán,PENDING_PAYMENT,,502,24,,http://images.acmesports.sports/Nike+Men%27s+Dri-FIT+Victory+Golf+Polo,Nike Men's Dri-FIT Victory Golf Polo,50.0,0,10/31/2015 6:24,Second Class
PAYMENT,2,2,22.40999985,74.68000031,Shipping on time,0,13,Electronics,Caguas,Puerto Rico,XXXXXXXXX,Mary,3296,Smith,XXXXXXXXX,Home Office,PR,8205 Silver Grove Row,725.0,3,Footwear,18.23466301,-66.37059784,USCA,Pasco,Estados Unidos,3296,6/11/2016 15:12,36146,278,15.30000019,0.170000002,90273,44.99000168,0.300000012,2,89.98000336,74.68000031,22.40999985,West of USA ,Washington,PENDING_PAYMENT,99301.0,278,13,,http://images.acmesports.sports/Under+Armour+Men%27s+Compression+EV+SL+Slide,Under Armour Men's Compression EV SL Slide,44.99000168,0,6/13/2016 15:12,Second Class
PAYMENT,5,2,25.23999977,90.15000153,Late delivery,1,12,Boxing & MMA,Caguas,Puerto Rico,XXXXXXXXX,Frances,3182,Smith,XXXXXXXXX,Home Office,PR,7786 Middle Private,725.0,3,Footwear,18.26268196,-66.37049866,USCA,Los Angeles,Estados Unidos,3182,8/24/2016 21:45,41234,249,19.79000092,0.180000007,102921,54.97000122,0.280000001,2,109.9400024,90.15000153,25.23999977,West of USA ,California,PENDING_PAYMENT,90049.0,249,12,,http://images.acmesports.sports/Under+Armour+Women%27s+Micro+G+Skulpt+Running+Shoe,Under Armour Women's Micro G Skulpt Running S,54.97000122,0,8/29/2016 21:45,Second Class
PAYMENT,6,2,30.5699997,117.5800018,Late delivery,1,17,Cleats,Caguas,Puerto Rico,XXXXXXXXX,Alice,7864,Smith,XXXXXXXXX,Home Office,PR,4294 High Passage,725.0,4,Apparel,18.28279495,-66.37055969,USCA,San Francisco,Estados Unidos,7864,4/13/2016 10:12,32090,365,2.400000095,0.02,80250,59.99000168,0.25999999,2,119.9800034,117.5800018,30.5699997,West of USA ,California,PENDING_PAYMENT,94110.0,365,17,,http://images.acmesports.sports/Perfect+Fitness+Perfect+Rip+Deck,Perfect Fitness Perfect Rip Deck,59.99000168,0,4/19/2016 10:12,Second Class
PAYMENT,4,2,46.0699997,95.98000336,Late delivery,1,17,Cleats,Caguas,Puerto Rico,XXXXXXXXX,Kyle,11169,Thomas,XXXXXXXXX,Home Office,PR,5274 Easy Beach,725.0,4,Apparel,18.27466202,-66.37058258,USCA,Overland Park,Estados Unidos,11169,5/22/2016 14:10,34773,365,24.0,0.200000003,86866,59.99000168,0.479999989,2,119.9800034,95.98000336,46.0699997,US Center ,Kansas,PENDING_PAYMENT,66212.0,365,17,,http://images.acmesports.sports/Perfect+Fitness+Perfect+Rip+Deck,Perfect Fitness Perfect Rip Deck,59.99000168,0,5/26/2016 14:10,Second Class
PAYMENT,2,2,-184.7799988,263.9700012,Shipping on time,0,9,Cardio Equipment,Caguas,Puerto Rico,XXXXXXXXX,Brenda,5197,Jordan,XXXXXXXXX,Home Office,PR,4692 Jagged Thicket,725.0,3,Footwear,18.2689991,-66.37049866,Africa,Ugep,Nigeria,5197,10/4/2016 22:55,44046,191,36.0,0.119999997,110025,99.98999786,-0.699999988,3,299.9700012,263.9700012,-184.7799988,West Africa,Cross River,PENDING_PAYMENT,,191,9,,http://images.acmesports.sports/Nike+Men%27s+Free+5.0%2B+Running+Shoe,Nike Men's Free 5.0+ Running Shoe,99.98999786,0,10/6/2016 22:55,Second Class
PAYMENT,5,2,38.75,113.9700012,Late delivery,1,29,Shop By Sport,Caguas,Puerto Rico,XXXXXXXXX,Frank,1535,Livingston,XXXXXXXXX,Home Office,PR,5161 Crystal Quail Jetty,725.0,5,Golf,18.2308178,-66.37052155,Africa,Kinshasa,República Democrática del Congo,1535,11/8/2016 12:32,46414,627,6.0,0.050000001,116033,39.99000168,0.340000004,3,119.9700012,113.9700012,38.75,Central Africa,Kinshasa,PENDING_PAYMENT,,627,29,,http://images.acmesports.sports/Under+Armour+Girls%27+Toddler+Spine+Surge+Running+Shoe,Under Armour Girls' Toddler Spine Surge Runni,39.99000168,0,11/13/2016 12:32,Second Class
PAYMENT,5,2,-3.650000095,63.99000168,Late delivery,1,41,Trade-In,Caguas,Puerto Rico,XXXXXXXXX,Johnny,6122,Smith,XXXXXXXXX,Home Office,PR,1465 Round Fawn Passage,725.0,6,Outdoors,18.26138115,-66.37056732,Africa,Dakar,Senegal,6122,11/11/2016 5:21,46599,917,1.980000019,0.029999999,116462,21.98999977,-0.059999999,3,65.97000122,63.99000168,-3.650000095,West Africa,Dakar,PENDING_PAYMENT,,917,41,,http://images.acmesports.sports/Glove+It+Women%27s+Mod+Oval+3-Zip+Carry+All+Golf+Bag,Glove It Women's Mod Oval 3-Zip Carry All Gol,21.98999977,0,11/16/2016 5:21,Second Class
PAYMENT,5,2,38.22999954,79.66000366,Late delivery,1,37,Electronics,Caguas,Puerto Rico,XXXXXXXXX,Mary,9451,Smith,XXXXXXXXX,Home Office,PR,5723 Cinder Loop,725.0,6,Outdoors,18.23650742,-66.37051392,Africa,Casablanca,Marruecos,9451,12/8/2016 0:14,48434,828,16.30999947,0.170000002,121134,31.98999977,0.479999989,3,95.97000122,79.66000366,38.22999954,North Africa,Gran Casablanca,PENDING_PAYMENT,,828,37,,http://images.acmesports.sports/Bridgestone+e6+Straight+Distance+NFL+San+Diego+Chargers...,Bridgestone e6 Straight Distance NFL San Dieg,31.98999977,0,12/13/2016 0:14,Second Class
PAYMENT,3,2,129.3500061,293.9700012,Late delivery,1,9,Cardio Equipment,Caguas,Puerto Rico,XXXXXXXXX,Mary,542,Smith,XXXXXXXXX,Home Office,PR,2991 Silent Deer Landing,725.0,3,Footwear,18.35921478,-66.07779694,Europe,Dortmund,Alemania,542,7/7/2015 5:31,12827,191,6.0,0.02,32072,99.98999786,0.439999998,3,299.9700012,293.9700012,129.3500061,Western Europe,Renania del Norte-Westfalia,PENDING_PAYMENT,,191,9,,http://images.acmesports.sports/Nike+Men%27s+Free+5.0%2B+Running+Shoe,Nike Men's Free 5.0+ Running Shoe,99.98999786,0,7/10/2015 5:31,Second Class
PAYMENT,2,2,132.2899933,269.9700012,Shipping on time,0,9,Cardio Equipment,Caguas,Puerto Rico,XXXXXXXXX,Hannah,11329,Smith,XXXXXXXXX,Home Office,PR,5086 Emerald Fox Farms,725.0,3,Footwear,18.29944229,-66.37052155,Europe,Drancy,Francia,11329,7/22/2017 7:16,63936,191,30.0,0.100000001,159828,99.98999786,0.49000001,3,299.9700012,269.9700012,132.2899933,Western Europe,Isla de Francia,PENDING_PAYMENT,,191,9,,http://images.acmesports.sports/Nike+Men%27s+Free+5.0%2B+Running+Shoe,Nike Men's Free 5.0+ Running Shoe,99.98999786,0,7/24/2017 7:16,Second Class
PAYMENT,6,2,76.04000092,224.9799957,Late delivery,1,9,Cardio Equipment,Caguas,Puerto Rico,XXXXXXXXX,Mary,3570,Nelson,XXXXXXXXX,Home Office,PR,3909 Hidden Treasure Beach,725.0,3,Footwear,18.28996849,-66.37054443,Europe,Nantes,Francia,3570,8/7/2017 6:33,65030,191,74.98999786,0.25,162548,99.98999786,0.340000004,3,299.9700012,224.9799957,76.04000092,Western Europe,Países del Loira,PENDING_PAYMENT,,191,9,,http://images.acmesports.sports/Nike+Men%27s+Free+5.0%2B+Running+Shoe,Nike Men's Free 5.0+ Running Shoe,99.98999786,0,8/13/2017 6:33,Second Class
PAYMENT,4,2,81.12999725,176.3699951,Late delivery,1,17,Cleats,Caguas,Puerto Rico,XXXXXXXXX,Austin,650,Sexton,XXXXXXXXX,Home Office,PR,4691 Cinder Crest,725.0,4,Apparel,18.2275734,-66.04563141,Europe,Groningen,Países Bajos,650,9/22/2015 7:41,18108,365,3.599999905,0.02,45253,59.99000168,0.460000008,3,179.9700012,176.3699951,81.12999725,Western Europe,Groningen,PENDING_PAYMENT,,365,17,,http://images.acmesports.sports/Perfect+Fitness+Perfect+Rip+Deck,Perfect Fitness Perfect Rip Deck,59.99000168,0,9/26/2015 7:41,Second Class
PAYMENT,2,2,43.52000046,167.3699951,Shipping on time,0,17,Cleats,Caguas,Puerto Rico,XXXXXXXXX,Michael,9353,Scott,XXXXXXXXX,Home Office,PR,5703 Tawny Creek Townline,725.0,4,Apparel,18.2988205,-66.37059784,Europe,Gateshead,Reino Unido,9353,7/2/2017 9:03,62571,365,12.60000038,0.07,156394,59.99000168,0.25999999,3,179.9700012,167.3699951,43.52000046,Northern Europe,Inglaterra,PENDING_PAYMENT,,365,17,,http://images.acmesports.sports/Perfect+Fitness+Perfect+Rip+Deck,Perfect Fitness Perfect Rip Deck,59.99000168,0,7/4/2017 9:03,Second Class
PAYMENT,3,2,68.77999878,163.7700043,Late delivery,1,17,Cleats,Caguas,Puerto Rico,XXXXXXXXX,Mary,54,Olson,XXXXXXXXX,Home Office,PR,7333 Cinder Way,725.0,4,Apparel,18.02538109,-66.61508179,Europe,Eastbourne,Reino Unido,54,9/8/2015 12:15,17162,365,16.20000076,0.090000004,42919,59.99000168,0.419999987,3,179.9700012,163.7700043,68.77999878,Northern Europe,Inglaterra,PENDING_PAYMENT,,365,17,,http://images.acmesports.sports/Perfect+Fitness+Perfect+Rip+Deck,Perfect Fitness Perfect Rip Deck,59.99000168,0,9/11/2015 12:15,Second Class
PAYMENT,3,2,40.49000168,161.9700012,Late delivery,1,17,Cleats,Caguas,Puerto Rico,XXXXXXXXX,Vincent,12151,Krueger,XXXXXXXXX,Home Office,PR,9404 Heather Bluff Dale,725.0,4,Apparel,18.25048637,-66.37062836,Europe,Hayange,Francia,12151,8/20/2017 7:03,65922,365,18.0,0.100000001,164735,59.99000168,0.25,3,179.9700012,161.9700012,40.49000168,Western Europe,Alsacia-Champaña-Ardenas-Lorena,PENDING_PAYMENT,,365,17,,http://images.acmesports.sports/Perfect+Fitness+Perfect+Rip+Deck,Perfect Fitness Perfect Rip Deck,59.99000168,0,8/23/2017 7:03,Second Class
PAYMENT,2,2,20.93000031,139.5,Shipping on time,0,24,Women's Apparel,Caguas,Puerto Rico,XXXXXXXXX,Hannah,11329,Smith,XXXXXXXXX,Home Office,PR,5086 Emerald Fox Farms,725.0,5,Golf,18.29944229,-66.37052155,Europe,Drancy,Francia,11329,7/22/2017 7:16,63936,502,10.5,0.07,159829,50.0,0.150000006,3,150.0,139.5,20.93000031,Western Europe,Isla de Francia,PENDING_PAYMENT,,502,24,,http://images.acmesports.sports/Nike+Men%27s+Dri-FIT+Victory+Golf+Polo,Nike Men's Dri-FIT Victory Golf Polo,50.0,0,7/24/2017 7:16,Second Class
PAYMENT,4,2,12.19999981,107.9700012,Late delivery,1,29,Shop By Sport,Caguas,Puerto Rico,XXXXXXXXX,Gregory,10018,Rodriguez,XXXXXXXXX,Home Office,PR,1632 Green Fawn Corners,725.0,5,Golf,18.24069786,-66.37055969,Europe,Portsmouth,Reino Unido,10018,8/4/2017 2:31,64813,627,12.0,0.100000001,162007,39.99000168,0.109999999,3,119.9700012,107.9700012,12.19999981,Northern Europe,Inglaterra,PENDING_PAYMENT,,627,29,,http://images.acmesports.sports/Under+Armour+Girls%27+Toddler+Spine+Surge+Running+Shoe,Under Armour Girls' Toddler Spine Surge Runni,39.99000168,0,8/8/2017 2:31,Second Class
PAYMENT,3,2,12.71000004,112.5,Late delivery,1,24,Women's Apparel,Caguas,Puerto Rico,XXXXXXXXX,Frances,3182,Smith,XXXXXXXXX,Home Office,PR,7786 Middle Private,725.0,5,Golf,18.26268196,-66.37049866,Europe,Gelsenkirchen,Alemania,3182,9/18/2017 1:14,67892,502,37.5,0.25,169747,50.0,0.109999999,3,150.0,112.5,12.71000004,Western Europe,Renania del Norte-Westfalia,PENDING_PAYMENT,,502,24,,http://images.acmesports.sports/Nike+Men%27s+Dri-FIT+Victory+Golf+Polo,Nike Men's Dri-FIT Victory Golf Polo,50.0,0,9/21/2017 1:14,Second Class
PAYMENT,6,2,7.760000229,55.40999985,Late delivery,1,41,Trade-In,Caguas,Puerto Rico,XXXXXXXXX,Kyle,4936,Smith,XXXXXXXXX,Home Office,PR,8344 Noble Mountain Gate,725.0,6,Outdoors,18.21209908,-66.37050629,Europe,Nice,Francia,4936,7/2/2015 19:42,12525,917,10.56000042,0.159999996,31344,21.98999977,0.140000001,3,65.97000122,55.40999985,7.760000229,Western Europe,Provenza-Alpes-Costa Azul,PENDING_PAYMENT,,917,41,,http://images.acmesports.sports/Glove+It+Women%27s+Mod+Oval+3-Zip+Carry+All+Golf+Bag,Glove It Women's Mod Oval 3-Zip Carry All Gol,21.98999977,0,7/8/2015 19:42,Second Class
PAYMENT,6,2,101.3899994,299.9700012,Late delivery,1,9,Cardio Equipment,Caguas,Puerto Rico,XXXXXXXXX,Lisa,8707,Smith,XXXXXXXXX,Home Office,PR,7208 Bright Landing,725.0,3,Footwear,18.23131371,-66.37062836,LATAM,Petapa,Guatemala,8707,3/28/2015 0:55,5895,191,0.0,0.0,14664,99.98999786,0.340000004,3,299.9700012,299.9700012,101.3899994,Central America,Guatemala,PENDING_PAYMENT,,191,9,,http://images.acmesports.sports/Nike+Men%27s+Free+5.0%2B+Running+Shoe,Nike Men's Free 5.0+ Running Shoe,99.98999786,0,4/3/2015 0:55,Second Class
PAYMENT,5,2,-285.0700073,178.1699982,Late delivery,1,17,Cleats,Caguas,Puerto Rico,XXXXXXXXX,Megan,1025,Todd,XXXXXXXXX,Home Office,PR,1393 Umber Sky Estates,725.0,4,Apparel,18.29652023,-66.04867554,LATAM,Mejicanos,El Salvador,1025,4/2/2017 16:43,56359,365,1.799999952,0.01,140970,59.99000168,-1.600000024,3,179.9700012,178.1699982,-285.0700073,Central America,San Salvador,PENDING_PAYMENT,,365,17,,http://images.acmesports.sports/Perfect+Fitness+Perfect+Rip+Deck,Perfect Fitness Perfect Rip Deck,59.99000168,0,4/7/2017 16:43,Second Class
PAYMENT,4,2,42.74000168,170.9700012,Late delivery,1,17,Cleats,Caguas,Puerto Rico,XXXXXXXXX,Mary,8831,Smith,XXXXXXXXX,Home Office,PR,8165 Red Lane,725.0,4,Apparel,18.28746414,-66.37054443,LATAM,David,Panamá,8831,5/5/2017 14:23,58613,365,9.0,0.050000001,146701,59.99000168,0.25,3,179.9700012,170.9700012,42.74000168,Central America,Chiriquí,PENDING_PAYMENT,,365,17,,http://images.acmesports.sports/Perfect+Fitness+Perfect+Rip+Deck,Perfect Fitness Perfect Rip Deck,59.99000168,0,5/9/2017 14:23,Second Class
PAYMENT,5,2,49.3199997,170.0700073,Late delivery,1,17,Cleats,Caguas,Puerto Rico,XXXXXXXXX,Mary,10679,Smith,XXXXXXXXX,Home Office,PR,331 Grand Orchard,725.0,4,Apparel,18.29108048,-66.37050629,LATAM,Santo Domingo,República Dominicana,10679,4/25/2015 4:44,7824,365,9.899999619,0.059999999,19564,59.99000168,0.289999992,3,179.9700012,170.0700073,49.3199997,Caribbean,Santo Domingo,PENDING_PAYMENT,,365,17,,http://images.acmesports.sports/Perfect+Fitness+Perfect+Rip+Deck,Perfect Fitness Perfect Rip Deck,59.99000168,0,4/30/2015 4:44,Second Class
PAYMENT,5,2,80.33999634,167.3699951,Late delivery,1,17,Cleats,Caguas,Puerto Rico,XXXXXXXXX,Mary,5007,Smith,XXXXXXXXX,Home Office,PR,2264 Thunder Abbey,725.0,4,Apparel,18.24984551,-66.37050629,LATAM,Cabimas,Venezuela,5007,4/25/2015 1:14,7814,365,12.60000038,0.07,19544,59.99000168,0.479999989,3,179.9700012,167.3699951,80.33999634,South America,Zulia,PENDING_PAYMENT,,365,17,,http://images.acmesports.sports/Perfect+Fitness+Perfect+Rip+Deck,Perfect Fitness Perfect Rip Deck,59.99000168,0,4/30/2015 1:14,Second Class
PAYMENT,5,2,-26.69000053,163.7700043,Late delivery,1,17,Cleats,Caguas,Puerto Rico,XXXXXXXXX,Mary,5007,Smith,XXXXXXXXX,Home Office,PR,2264 Thunder Abbey,725.0,4,Apparel,18.24984551,-66.37050629,LATAM,Cabimas,Venezuela,5007,4/25/2015 1:14,7814,365,16.20000076,0.090000004,19542,59.99000168,-0.159999996,3,179.9700012,163.7700043,-26.69000053,South America,Zulia,PENDING_PAYMENT,,365,17,,http://images.acmesports.sports/Perfect+Fitness+Perfect+Rip+Deck,Perfect Fitness Perfect Rip Deck,59.99000168,0,4/30/2015 1:14,Second Class
PAYMENT,3,2,-117.3300018,152.9700012,Late delivery,1,17,Cleats,Caguas,Puerto Rico,XXXXXXXXX,Mary,9854,Smith,XXXXXXXXX,Home Office,PR,9082 Merry Lookout,725.0,4,Apparel,18.25671768,-66.37062836,LATAM,Santo Domingo,República Dominicana,9854,6/6/2017 15:03,60807,365,27.0,0.150000006,152161,59.99000168,-0.769999981,3,179.9700012,152.9700012,-117.3300018,Caribbean,Santo Domingo,PENDING_PAYMENT,,365,17,,http://images.acmesports.sports/Perfect+Fitness+Perfect+Rip+Deck,Perfect Fitness Perfect Rip Deck,59.99000168,0,6/9/2017 15:03,Second Class
PAYMENT,4,2,47.88000107,152.9700012,Late delivery,1,17,Cleats,Caguas,Puerto Rico,XXXXXXXXX,Grace,376,Sanchez,XXXXXXXXX,Home Office,PR,6468 Fallen Close,725.0,4,Apparel,18.24754334,-66.0253067,LATAM,Dos Quebradas,Colombia,376,2/18/2017 16:36,53413,365,27.0,0.150000006,133456,59.99000168,0.310000002,3,179.9700012,152.9700012,47.88000107,South America,Risaralda,PENDING_PAYMENT,,365,17,,http://images.acmesports.sports/Perfect+Fitness+Perfect+Rip+Deck,Perfect Fitness Perfect Rip Deck,59.99000168,0,2/22/2017 16:36,Second Class
PAYMENT,4,2,72.0,150.0,Late delivery,1,24,Women's Apparel,Caguas,Puerto Rico,XXXXXXXXX,Dennis,5417,Meyer,XXXXXXXXX,Home Office,PR,7342 Hidden Walk,725.0,5,Golf,18.27673721,-66.37055206,LATAM,Ilopango,El Salvador,5417,4/26/2015 3:10,7888,502,0.0,0.0,19707,50.0,0.479999989,3,150.0,150.0,72.0,Central America,San Salvador,PENDING_PAYMENT,,502,24,,http://images.acmesports.sports/Nike+Men%27s+Dri-FIT+Victory+Golf+Polo,Nike Men's Dri-FIT Victory Golf Polo,50.0,0,4/30/2015 3:10,Second Class
PAYMENT,4,2,29.94000053,115.1699982,Late delivery,1,29,Shop By Sport,Caguas,Puerto Rico,XXXXXXXXX,Douglas,10759,Smith,XXXXXXXXX,Home Office,PR,577 Rustic Nectar Row,725.0,5,Golf,18.2968483,-66.37050629,LATAM,Tegucigalpa,Honduras,10759,4/10/2015 0:02,6783,627,4.800000191,0.039999999,16956,39.99000168,0.25999999,3,119.9700012,115.1699982,29.94000053,Central America,Francisco Morazán,PENDING_PAYMENT,,627,29,,http://images.acmesports.sports/Under+Armour+Girls%27+Toddler+Spine+Surge+Running+Shoe,Under Armour Girls' Toddler Spine Surge Runni,39.99000168,0,4/14/2015 0:02,Second Class
PAYMENT,4,2,23.46999931,144.0,Late delivery,1,24,Women's Apparel,Caguas,Puerto Rico,XXXXXXXXX,Mary,8541,Smith,XXXXXXXXX,Home Office,PR,5700 Little Circle,725.0,5,Golf,18.29609299,-66.37050629,LATAM,Juazeiro,Brasil,8541,4/11/2017 15:49,56973,502,6.0,0.039999999,142502,50.0,0.159999996,3,150.0,144.0,23.46999931,South America,Bahía,PENDING_PAYMENT,,502,24,,http://images.acmesports.sports/Nike+Men%27s+Dri-FIT+Victory+Golf+Polo,Nike Men's Dri-FIT Victory Golf Polo,50.0,0,4/15/2017 15:49,Second Class
PAYMENT,5,2,68.40000153,142.5,Late delivery,1,24,Women's Apparel,Caguas,Puerto Rico,XXXXXXXXX,Mary,10679,Smith,XXXXXXXXX,Home Office,PR,331 Grand Orchard,725.0,5,Golf,18.29108048,-66.37050629,LATAM,Santo Domingo,República Dominicana,10679,4/25/2015 4:44,7824,502,7.5,0.050000001,19563,50.0,0.479999989,3,150.0,142.5,68.40000153,Caribbean,Santo Domingo,PENDING_PAYMENT,,502,24,,http://images.acmesports.sports/Nike+Men%27s+Dri-FIT+Victory+Golf+Polo,Nike Men's Dri-FIT Victory Golf Polo,50.0,0,4/30/2015 4:44,Second Class
PAYMENT,6,2,43.65999985,139.5,Late delivery,1,24,Women's Apparel,Caguas,Puerto Rico,XXXXXXXXX,Mary,3752,Vega,XXXXXXXXX,Home Office,PR,7840 Umber Sky Villas,725.0,5,Golf,18.2105732,-66.37058258,LATAM,Mexico City,México,3752,3/16/2017 2:54,55155,502,10.5,0.07,137932,50.0,0.310000002,3,150.0,139.5,43.65999985,Central America,Distrito Federal,PENDING_PAYMENT,,502,24,,http://images.acmesports.sports/Nike+Men%27s+Dri-FIT+Victory+Golf+Polo,Nike Men's Dri-FIT Victory Golf Polo,50.0,0,3/22/2017 2:54,Second Class
PAYMENT,2,2,13.19999981,132.0,Shipping on time,0,24,Women's Apparel,Caguas,Puerto Rico,XXXXXXXXX,Wayne,4673,Hodges,XXXXXXXXX,Home Office,PR,7509 Iron Concession,725.0,5,Golf,18.20111656,-66.37059021,LATAM,Tlaquepaque,México,4673,3/29/2015 10:33,5991,502,18.0,0.119999997,14921,50.0,0.100000001,3,150.0,132.0,13.19999981,Central America,Jalisco,PENDING_PAYMENT,,502,24,,http://images.acmesports.sports/Nike+Men%27s+Dri-FIT+Victory+Golf+Polo,Nike Men's Dri-FIT Victory Golf Polo,50.0,0,3/31/2015 10:33,Second Class
PAYMENT,4,2,46.20000076,132.0,Late delivery,1,24,Women's Apparel,Caguas,Puerto Rico,XXXXXXXXX,Mary,5367,Mccormick,XXXXXXXXX,Home Office,PR,2199 Silver Autumn Key,725.0,5,Golf,18.21469116,-66.37051392,LATAM,Puebla,México,5367,2/3/2015 0:28,2263,502,18.0,0.119999997,5671,50.0,0.349999994,3,150.0,132.0,46.20000076,Central America,Puebla,PENDING_PAYMENT,,502,24,,http://images.acmesports.sports/Nike+Men%27s+Dri-FIT+Victory+Golf+Polo,Nike Men's Dri-FIT Victory Golf Polo,50.0,0,2/7/2015 0:28,Second Class
PAYMENT,4,2,10.43999958,130.5,Late delivery,1,24,Women's Apparel,Caguas,Puerto Rico,XXXXXXXXX,Mary,5367,Mccormick,XXXXXXXXX,Home Office,PR,2199 Silver Autumn Key,725.0,5,Golf,18.21469116,-66.37051392,LATAM,Puebla,México,5367,2/3/2015 0:28,2263,502,19.5,0.129999995,5669,50.0,0.079999998,3,150.0,130.5,10.43999958,Central America,Puebla,PENDING_PAYMENT,,502,24,,http://images.acmesports.sports/Nike+Men%27s+Dri-FIT+Victory+Golf+Polo,Nike Men's Dri-FIT Victory Golf Polo,50.0,0,2/7/2015 0:28,Second Class
PAYMENT,4,2,15.56000042,124.5,Late delivery,1,24,Women's Apparel,Caguas,Puerto Rico,XXXXXXXXX,Mary,10485,Smith,XXXXXXXXX,Home Office,PR,9470 Shady View Bend,725.0,5,Golf,18.28425598,-66.37058258,LATAM,Mexico City,México,10485,2/18/2017 13:05,53403,502,25.5,0.170000002,133427,50.0,0.129999995,3,150.0,124.5,15.56000042,Central America,Distrito Federal,PENDING_PAYMENT,,502,24,,http://images.acmesports.sports/Nike+Men%27s+Dri-FIT+Victory+Golf+Polo,Nike Men's Dri-FIT Victory Golf Polo,50.0,0,2/22/2017 13:05,Second Class
PAYMENT,4,2,32.86000061,99.58000183,Late delivery,1,29,Shop By Sport,Caguas,Puerto Rico,XXXXXXXXX,Ronald,9272,Blackwell,XXXXXXXXX,Home Office,PR,9366 Silent Nectar Highway,725.0,5,Golf,18.20666885,-66.37056732,LATAM,São Paulo,Brasil,9272,1/18/2017 19:37,51298,627,20.38999939,0.170000002,128201,39.99000168,0.330000013,3,119.9700012,99.58000183,32.86000061,South America,São Paulo,PENDING_PAYMENT,,627,29,,http://images.acmesports.sports/Under+Armour+Girls%27+Toddler+Spine+Surge+Running+Shoe,Under Armour Girls' Toddler Spine Surge Runni,39.99000168,0,1/22/2017 19:37,Second Class
TRANSFER,5,4,9.600000381,240.0,Late delivery,1,24,Women's Apparel,Caguas,Puerto Rico,XXXXXXXXX,Mary,647,Rios,XXXXXXXXX,Consumer,PR,4167 Stony Extension,725.0,5,Golf,18.35907555,-66.07783508,LATAM,Montevideo,Uruguay,647,3/13/2015 18:59,4919,502,10.0,0.039999999,12307,50.0,0.039999999,5,250.0,240.0,9.600000381,South America,Montevideo,PENDING,,502,24,,http://images.acmesports.sports/Nike+Men%27s+Dri-FIT+Victory+Golf+Polo,Nike Men's Dri-FIT Victory Golf Polo,50.0,0,3/18/2015 18:59,Standard Class
TRANSFER,6,4,55.09000015,189.9499969,Late delivery,1,29,Shop By Sport,Caguas,Puerto Rico,XXXXXXXXX,Tammy,6398,Smith,XXXXXXXXX,Consumer,PR,7370 Sleepy Way,725.0,5,Golf,18.26378822,-66.37052918,LATAM,Buenos Aires,Argentina,6398,2/7/2017 9:47,52640,627,10.0,0.050000001,131580,39.99000168,0.289999992,5,199.9499969,189.9499969,55.09000015,South America,Buenos Aires,PENDING,,627,29,,http://images.acmesports.sports/Under+Armour+Girls%27+Toddler+Spine+Surge+Running+Shoe,Under Armour Girls' Toddler Spine Surge Runni,39.99000168,0,2/13/2017 9:47,Standard Class
TRANSFER,4,4,68.58999634,188.9499969,Shipping on time,0,29,Shop By Sport,Caguas,Puerto Rico,XXXXXXXXX,Mary,4209,Lara,XXXXXXXXX,Consumer,PR,1613 Broad Beach,725.0,5,Golf,18.20330429,-66.37052155,LATAM,São Paulo,Brasil,4209,4/3/2015 19:08,6358,627,11.0,0.059999999,15921,39.99000168,0.360000014,5,199.9499969,188.9499969,68.58999634,South America,São Paulo,PENDING,,627,29,,http://images.acmesports.sports/Under+Armour+Girls%27+Toddler+Spine+Surge+Running+Shoe,Under Armour Girls' Toddler Spine Surge Runni,39.99000168,0,4/7/2015 19:08,Standard Class
TRANSFER,2,4,51.97999954,236.25,Advance shipping,0,24,Women's Apparel,Caguas,Puerto Rico,XXXXXXXXX,Mary,8917,Smith,XXXXXXXXX,Consumer,PR,4992 Jagged Forest Subdivision,725.0,5,Golf,18.22487068,-66.37052155,LATAM,Barueri,Brasil,8917,4/13/2017 14:25,57106,502,13.75,0.059999999,142841,50.0,0.219999999,5,250.0,236.25,51.97999954,South America,São Paulo,PENDING,,502,24,,http://images.acmesports.sports/Nike+Men%27s+Dri-FIT+Victory+Golf+Polo,Nike Men's Dri-FIT Victory Golf Polo,50.0,0,4/15/2017 14:25,Standard Class
TRANSFER,6,4,-23.62999916,236.25,Late delivery,1,24,Women's Apparel,Caguas,Puerto Rico,XXXXXXXXX,Mary,7784,Smith,XXXXXXXXX,Consumer,PR,3216 Red Glade,725.0,5,Golf,18.25061035,-66.37062836,LATAM,Arapongas,Brasil,7784,4/2/2015 3:33,6245,502,13.75,0.059999999,15634,50.0,-0.100000001,5,250.0,236.25,-23.62999916,South America,Paraná,PENDING,,502,24,,http://images.acmesports.sports/Nike+Men%27s+Dri-FIT+Victory+Golf+Polo,Nike Men's Dri-FIT Victory Golf Polo,50.0,0,4/8/2015 3:33,Standard Class
TRANSFER,2,4,66.88999939,136.5,Advance shipping,0,29,Shop By Sport,Caguas,Puerto Rico,XXXXXXXXX,Christina,1425,Harvey,XXXXXXXXX,Consumer,PR,3481 Crystal Campus,725.0,5,Golf,18.27340317,-66.37052155,LATAM,Camagüey,Cuba,1425,1/31/2017 11:43,52166,642,13.5,0.090000004,130341,30.0,0.49000001,5,150.0,136.5,66.88999939,Caribbean,Camagüey,PENDING,,642,29,,http://images.acmesports.sports/Columbia+Men%27s+PFG+Anchor+Tough+T-Shirt,Columbia Men's PFG Anchor Tough T-Shirt,30.0,0,2/2/2017 11:43,Standard Class
TRANSFER,3,4,11.46000004,181.9499969,Advance shipping,0,29,Shop By Sport,Caguas,Puerto Rico,XXXXXXXXX,Mary,2737,Smith,XXXXXXXXX,Consumer,PR,5424 Rustic Anchor Boulevard,725.0,5,Golf,18.29137993,-66.3705368,LATAM,Las Tunas,Cuba,2737,3/30/2017 23:12,56172,627,18.0,0.090000004,140494,39.99000168,0.059999999,5,199.9499969,181.9499969,11.46000004,Caribbean,Las Tunas,PENDING,,627,29,,http://images.acmesports.sports/Under+Armour+Girls%27+Toddler+Spine+Surge+Running+Shoe,Under Armour Girls' Toddler Spine Surge Runni,39.99000168,0,4/2/2017 23:12,Standard Class
TRANSFER,5,4,22.5,225.0,Late delivery,1,24,Women's Apparel,Caguas,Puerto Rico,XXXXXXXXX,Mary,6428,Smith,XXXXXXXXX,Consumer,PR,3567 Heather Knoll,725.0,5,Golf,18.24738884,-66.37057495,LATAM,Santo Domingo,República Dominicana,6428,3/25/2017 23:02,55829,502,25.0,0.100000001,139611,50.0,0.100000001,5,250.0,225.0,22.5,Caribbean,Santo Domingo,PENDING,,502,24,,http://images.acmesports.sports/Nike+Men%27s+Dri-FIT+Victory+Golf+Polo,Nike Men's Dri-FIT Victory Golf Polo,50.0,0,3/30/2017 23:02,Standard Class
