order_id,order_item_id,order_customer_id,product_card_id,order_item_cardprod_id,order_date,shipping_date,order_year_month,transaction_type,market,order_region,order_country,order_city,order_state,order_zipcode,shipping_mode,delivery_status,order_status,late_delivery_risk,days_for_shipping_real,days_for_shipment_scheduled,delivery_delay_days,sales_per_customer,sales,order_item_total,benefit_per_order,order_profit_per_order,order_item_discount,order_item_discount_rate,order_item_product_price,order_item_profit_ratio,order_item_quantity,customer_id,customer_segment,customer_city,customer_country,customer_state,customer_zipcode,customer_latitude,customer_longitude,product_category_id,product_name,product_price,product_status,category_id,category_name,department_id,department_name,product_description,product_image,shipping_variance,is_late_delivery,is_on_time_delivery,is_advance_shipping,is_shipping_canceled,gross_profit_margin,total_cost,order_year,order_month,order_day,order_day_of_week,order_month_date
77202,180517,20755,1360,1360,2018-01-31 22:56:00,2018-02-03 22:56:00,2018-01,DEBIT,Pacific Asia,Southeast Asia,Indonesia,Bekasi,Java Occidental,,Standard Class,Advance shipping,COMPLETE,0,3,4,-1,314.6400146,327.75,314.6400146,91.25,91.25,13.10999966,0.039999999,327.75,0.289999992,1,20755,Consumer,Caguas,Puerto Rico,PR,725.0,18.2514534,-66.03705597,73,Smart watch,327.75,0,73,Sporting Goods,2,Fitness,,http://images.acmesports.sports/Smart+watch ,-1,0,0,1,0,0.2900139707786551,223.39001459999997,2018,1,31,3,2018-01-01
75939,179254,19492,1360,1360,2018-01-13 12:27:00,2018-01-18 12:27:00,2018-01,TRANSFER,Pacific Asia,South Asia,India,Bikaner,Rajastán,,Standard Class,Late delivery,PENDING,1,5,4,1,311.3599854,327.75,311.3599854,-249.0899963,-249.0899963,16.38999939,0.050000001,327.75,-0.800000012,1,19492,Consumer,Caguas,Puerto Rico,PR,725.0,18.27945137,-66.0370636,73,Smart watch,327.75,0,73,Sporting Goods,2,Fitness,,http://images.acmesports.sports/Smart+watch ,1,1,0,0,0,-0.8000064490624812,560.4499817000001,2018,1,13,6,2018-01-01
75938,179253,19491,1360,1360,2018-01-13 12:06:00,2018-01-17 12:06:00,2018-01,CASH,Pacific Asia,South Asia,India,Bikaner,Rajastán,,Standard Class,Shipping on time,CLOSED,0,4,4,0,309.7200012,327.75,309.7200012,-247.7799988,-247.7799988,18.03000069,0.059999999,327.75,-0.800000012,1,19491,Consumer,San Jose,EE. UU.,CA,95125.0,37.29223251,-121.881279,73,Smart watch,327.75,0,73,Sporting Goods,2,Fitness,,http://images.acmesports.sports/Smart+watch ,0,0,1,0,0,-0.800012907916778,557.5,2018,1,13,6,2018-01-01
75937,179252,19490,1360,1360,2018-01-13 11:45:00,2018-01-16 11:45:00,2018-01,DEBIT,Pacific Asia,Oceania,Australia,Townsville,Queensland,,Standard Class,Advance shipping,COMPLETE,0,3,4,-1,304.8099976,327.75,304.8099976,22.86000061,22.86000061,22.94000053,0.07,327.75,0.079999998,1,19490,Home Office,Los Angeles,EE. UU.,CA,90027.0,34.12594605,-118.2910156,73,Smart watch,327.75,0,73,Sporting Goods,2,Fitness,,http://images.acmesports.sports/Smart+watch ,-1,0,0,1,0,0.07499754204256456,281.94999699,2018,1,13,6,2018-01-01
75936,179251,19489,1360,1360,2018-01-13 11:24:00,2018-01-15 11:24:00,2018-01,PAYMENT,Pacific Asia,Oceania,Australia,Townsville,Queensland,,Standard Class,Advance shipping,PENDING_PAYMENT,0,2,4,-2,298.25,327.75,298.25,134.2100067,134.2100067,29.5,0.090000004,327.75,0.449999988,1,19489,Corporate,Caguas,Puerto Rico,PR,725.0,18.25376892,-66.03704834,73,Smart watch,327.75,0,73,Sporting Goods,2,Fitness,,http://images.acmesports.sports/Smart+watch ,-2,0,0,1,0,0.44999164023470245,164.0399933,2018,1,13,6,2018-01-01
75935,179250,19488,1360,1360,2018-01-13 11:03:00,2018-01-19 11:03:00,2018-01,TRANSFER,Pacific Asia,Oceania,Australia,Toowoomba,Queensland,,Standard Class,Shipping canceled,CANCELED,0,6,4,2,294.980011,327.75,294.980011,18.57999992,18.57999992,32.77999878,0.100000001,327.75,0.059999999,1,19488,Consumer,Tonawanda,EE. UU.,NY,14150.0,43.01396942,-78.87906647,73,Smart watch,327.75,0,73,Sporting Goods,2,Fitness,,http://images.acmesports.sports/Smart+watch ,2,0,0,0,1,0.06298731855427316,276.40001108,2018,1,13,6,2018-01-01
75934,179249,19487,1360,1360,2018-01-13 10:42:00,2018-01-15 10:42:00,2018-01,DEBIT,Pacific Asia,Eastern Asia,China,Guangzhou,Guangdong,,First Class,Late delivery,COMPLETE,1,2,1,1,288.4200134,327.75,288.4200134,95.18000031,95.18000031,39.33000183,0.119999997,327.75,0.330000013,1,19487,Home Office,Caguas,Puerto Rico,PR,725.0,18.24253845,-66.03705597,73,Smart watch,327.75,0,73,Sporting Goods,2,Fitness,,http://images.acmesports.sports/Smart+watch ,1,1,0,0,0,0.33000483977510275,193.24001309000002,2018,1,13,6,2018-01-01
75933,179248,19486,1360,1360,2018-01-13 10:21:00,2018-01-15 10:21:00,2018-01,TRANSFER,Pacific Asia,Eastern Asia,China,Guangzhou,Guangdong,,First Class,Late delivery,PROCESSING,1,2,1,1,285.1400146,327.75,285.1400146,68.43000031,68.43000031,42.61000061,0.129999995,327.75,0.239999995,1,19486,Corporate,Miami,EE. UU.,FL,33162.0,25.92886925,-80.16287231,73,Smart watch,327.75,0,73,Sporting Goods,2,Fitness,,http://images.acmesports.sports/Smart+watch ,1,1,0,0,0,0.2399873634221242,216.71001428999998,2018,1,13,6,2018-01-01
75932,179247,19485,1360,1360,2018-01-13 10:00:00,2018-01-16 10:00:00,2018-01,CASH,Pacific Asia,Eastern Asia,China,Guangzhou,Guangdong,,Second Class,Late delivery,CLOSED,1,3,2,1,278.5899963,327.75,278.5899963,133.7200012,133.7200012,49.15999985,0.150000006,327.75,0.479999989,1,19485,Corporate,Caguas,Puerto Rico,PR,725.0,18.23322296,-66.03705597,73,Smart watch,327.75,0,73,Sporting Goods,2,Fitness,,http://images.acmesports.sports/Smart+watch ,1,1,0,0,0,0.47998852426848615,144.86999509999998,2018,1,13,6,2018-01-01
75931,179246,19484,1360,1360,2018-01-13 09:39:00,2018-01-15 09:39:00,2018-01,CASH,Pacific Asia,Eastern Asia,China,Guangzhou,Guangdong,,First Class,Late delivery,CLOSED,1,2,1,1,275.3099976,327.75,275.3099976,132.1499939,132.1499939,52.43999863,0.159999996,327.75,0.479999989,1,19484,Corporate,San Ramon,EE. UU.,CA,94583.0,37.77399063,-121.966629,73,Smart watch,327.75,0,73,Sporting Goods,2,Fitness,,http://images.acmesports.sports/Smart+watch ,1,1,0,0,0,0.48000434075046466,143.16000369999998,2018,1,13,6,2018-01-01
75930,179245,19483,1360,1360,2018-01-13 09:18:00,2018-01-19 09:18:00,2018-01,TRANSFER,Pacific Asia,Eastern Asia,Japón,Tokio,Tokio,,Second Class,Shipping canceled,SUSPECTED_FRAUD,0,6,2,4,272.0299988,327.75,272.0299988,130.5800018,130.5800018,55.72000122,0.170000002,327.75,0.479999989,1,19483,Corporate,Caguas,Puerto Rico,PR,725.0,18.28284454,-66.03705597,73,Smart watch,327.75,0,73,Sporting Goods,2,Fitness,,http://images.acmesports.sports/Smart+watch ,4,0,0,0,1,0.4800205946992049,141.449997,2018,1,13,6,2018-01-01
75929,179244,19482,1360,1360,2018-01-13 08:57:00,2018-01-18 08:57:00,2018-01,TRANSFER,Pacific Asia,Southeast Asia,Indonesia,Manado,Célebes Septentrional,,Second Class,Late delivery,PENDING,1,5,2,3,268.7600098,327.75,268.7600098,45.68999863,45.68999863,59.0,0.180000007,327.75,0.170000002,1,19482,Consumer,Freeport,EE. UU.,NY,11520.0,40.65486527,-73.58707428,73,Smart watch,327.75,0,73,Sporting Goods,2,Fitness,,http://images.acmesports.sports/Smart+watch ,3,1,0,0,0,0.1700029653369956,223.07001117,2018,1,13,6,2018-01-01
75928,179243,19481,1360,1360,2018-01-13 08:36:00,2018-01-17 08:36:00,2018-01,TRANSFER,Pacific Asia,Southeast Asia,Indonesia,Manado,Célebes Septentrional,,Second Class,Late delivery,PENDING,1,4,2,2,262.2000122,327.75,262.2000122,21.76000023,21.76000023,65.55000305,0.200000003,327.75,0.079999998,1,19481,Corporate,Salinas,EE. UU.,CA,93905.0,36.6763382,-121.656517,73,Smart watch,327.75,0,73,Sporting Goods,2,Fitness,,http://images.acmesports.sports/Smart+watch ,2,1,0,0,0,0.08299008092113276,240.44001197,2018,1,13,6,2018-01-01
75927,179242,19480,1360,1360,2018-01-13 08:15:00,2018-01-15 08:15:00,2018-01,DEBIT,Pacific Asia,South Asia,India,Sangli,Maharashtra,,First Class,Late delivery,COMPLETE,1,2,1,1,245.8099976,327.75,245.8099976,24.57999992,24.57999992,81.94000244,0.25,327.75,0.100000001,1,19480,Corporate,Caguas,Puerto Rico,PR,725.0,18.27843857,-66.03705597,73,Smart watch,327.75,0,73,Sporting Goods,2,Fitness,,http://images.acmesports.sports/Smart+watch ,1,1,0,0,0,0.09999593246812676,221.22999768,2018,1,13,6,2018-01-01
75926,179241,19479,1360,1360,2018-01-13 07:54:00,2018-01-15 07:54:00,2018-01,TRANSFER,Pacific Asia,South Asia,India,Sangli,Maharashtra,,First Class,Late delivery,PROCESSING,1,2,1,1,327.75,327.75,327.75,16.38999939,16.38999939,0.0,0.0,327.75,0.050000001,1,19479,Corporate,Peabody,EE. UU.,MA,1960.0,42.52627564,-70.92703247,73,Smart watch,327.75,0,73,Sporting Goods,2,Fitness,,http://images.acmesports.sports/Smart+watch ,1,1,0,0,0,0.05000762590389016,311.36000061,2018,1,13,6,2018-01-01
75925,179240,19478,1360,1360,2018-01-13 07:33:00,2018-01-15 07:33:00,2018-01,DEBIT,Pacific Asia,South Asia,India,Sangli,Maharashtra,,First Class,Late delivery,COMPLETE,1,2,1,1,324.4700012,327.75,324.4700012,-259.5799866,-259.5799866,3.279999971,0.01,327.75,-0.800000012,1,19478,Corporate,Caguas,Puerto Rico,PR,725.0,18.28404999,-66.03705597,73,Smart watch,327.75,0,73,Sporting Goods,2,Fitness,,http://images.acmesports.sports/Smart+watch ,1,1,0,0,0,-0.8000122835392648,584.0499878,2018,1,13,6,2018-01-01
75924,179239,19477,1360,1360,2018-01-13 07:12:00,2018-01-18 07:12:00,2018-01,PAYMENT,Pacific Asia,Eastern Asia,Corea del Sur,Seúl,Seúl,,Second Class,Late delivery,PENDING_PAYMENT,1,5,2,3,321.2000122,327.75,321.2000122,-246.3600006,-246.3600006,6.559999943,0.02,327.75,-0.769999981,1,19477,Corporate,Canovanas,Puerto Rico,PR,729.0,18.3957901,-65.87288666,73,Smart watch,327.75,0,73,Sporting Goods,2,Fitness,,http://images.acmesports.sports/Smart+watch ,3,1,0,0,0,-0.7669987274054033,567.5600128,2018,1,13,6,2018-01-01
75923,179238,19476,1360,1360,2018-01-13 06:51:00,2018-01-15 06:51:00,2018-01,CASH,Pacific Asia,South Asia,India,Jabalpur,Madhya Pradesh,,First Class,Late delivery,CLOSED,1,2,1,1,317.9200134,327.75,317.9200134,23.84000015,23.84000015,9.829999924,0.029999999,327.75,0.079999998,1,19476,Corporate,Paramount,EE. UU.,CA,90723.0,33.89869309,-118.1745605,73,Smart watch,327.75,0,73,Sporting Goods,2,Fitness,,http://images.acmesports.sports/Smart+watch ,1,1,0,0,0,0.07498741552959434,294.08001325000004,2018,1,13,6,2018-01-01
75922,179237,19475,1360,1360,2018-01-13 06:30:00,2018-01-15 06:30:00,2018-01,DEBIT,Pacific Asia,South Asia,India,Jabalpur,Madhya Pradesh,,First Class,Late delivery,COMPLETE,1,2,1,1,314.6400146,327.75,314.6400146,102.2600021,102.2600021,13.10999966,0.039999999,327.75,0.330000013,1,19475,Consumer,Caguas,Puerto Rico,PR,725.0,18.233778,-66.0370636,73,Smart watch,327.75,0,73,Sporting Goods,2,Fitness,,http://images.acmesports.sports/Smart+watch ,1,1,0,0,0,0.32500634806416007,212.38001249999996,2018,1,13,6,2018-01-01
75921,179236,19474,1360,1360,2018-01-13 06:09:00,2018-01-13 18:09:00,2018-01,PAYMENT,Pacific Asia,South Asia,India,Jabalpur,Madhya Pradesh,,Same Day,Shipping on time,PENDING_PAYMENT,0,0,0,0,311.3599854,327.75,311.3599854,87.18000031,87.18000031,16.38999939,0.050000001,327.75,0.280000001,1,19474,Consumer,Mount Prospect,EE. UU.,IL,60056.0,42.04830551,-87.96134186,73,Smart watch,327.75,0,73,Sporting Goods,2,Fitness,,http://images.acmesports.sports/Smart+watch ,0,0,1,0,0,0.27999744475193566,224.17998509000003,2018,1,13,6,2018-01-01
75920,179235,19473,1360,1360,2018-01-13 05:48:00,2018-01-13 17:48:00,2018-01,TRANSFER,Pacific Asia,South Asia,India,Jabalpur,Madhya Pradesh,,Same Day,Shipping on time,PROCESSING,0,0,0,0,309.7200012,327.75,309.7200012,154.8600006,154.8600006,18.03000069,0.059999999,327.75,0.5,1,19473,Corporate,Long Beach,EE. UU.,CA,90813.0,33.78245163,-118.1922455,73,Smart watch,327.75,0,73,Sporting Goods,2,Fitness,,http://images.acmesports.sports/Smart+watch ,0,0,1,0,0,0.5,154.8600006,2018,1,13,6,2018-01-01
75919,179234,19472,1360,1360,2018-01-13 05:27:00,2018-01-18 05:27:00,2018-01,TRANSFER,Pacific Asia,South Asia,India,Jabalpur,Madhya Pradesh,,Standard Class,Late delivery,PENDING,1,5,4,1,304.8099976,327.75,304.8099976,82.30000305,82.30000305,22.94000053,0.07,327.75,0.270000011,1,19472,Corporate,Caguas,Puerto Rico,PR,725.0,18.28337669,-66.03705597,73,Smart watch,327.75,0,73,Sporting Goods,2,Fitness,,http://images.acmesports.sports/Smart+watch ,1,1,0,0,0,0.2700042770841189,222.50999455,2018,1,13,6,2018-01-01
75918,179233,19471,1360,1360,2018-01-13 05:06:00,2018-01-17 05:06:00,2018-01,TRANSFER,Pacific Asia,Oceania,Australia,Geelong,Victoria,,Second Class,Late delivery,PENDING,1,4,2,2,298.25,327.75,298.25,22.37000084,22.37000084,29.5,0.090000004,327.75,0.079999998,1,19471,Corporate,Rancho Cordova,EE. UU.,CA,95670.0,38.61177445,-121.2828674,73,Smart watch,327.75,0,73,Sporting Goods,2,Fitness,,http://images.acmesports.sports/Smart+watch ,2,1,0,0,0,0.07500419393126571,275.87999916,2018,1,13,6,2018-01-01
75917,179232,19470,1360,1360,2018-01-13 04:45:00,2018-01-16 04:45:00,2018-01,TRANSFER,Pacific Asia,Oceania,Australia,Geelong,Victoria,,Second Class,Shipping canceled,CANCELED,0,3,2,1,294.980011,327.75,294.980011,17.70000076,17.70000076,32.77999878,0.100000001,327.75,0.059999999,1,19470,Corporate,Caguas,Puerto Rico,PR,725.0,18.20733643,-66.03705597,73,Smart watch,327.75,0,73,Sporting Goods,2,Fitness,,http://images.acmesports.sports/Smart+watch ,1,0,0,0,1,0.060004068411266015,277.28001023999997,2018,1,13,6,2018-01-01
75916,179231,19469,1360,1360,2018-01-13 04:24:00,2018-01-15 04:24:00,2018-01,TRANSFER,Pacific Asia,Oceania,Australia,Brisbane,Queensland,,Second Class,Shipping canceled,SUSPECTED_FRAUD,0,2,2,0,288.4200134,327.75,288.4200134,90.27999878,90.27999878,39.33000183,0.119999997,327.75,0.310000002,1,19469,Corporate,Billings,EE. UU.,MT,59102.0,45.78831101,-108.5594101,73,Smart watch,327.75,0,73,Sporting Goods,2,Fitness,,http://images.acmesports.sports/Smart+watch ,0,0,0,0,1,0.3130157221607008,198.14001462000002,2018,1,13,6,2018-01-01
75915,179230,19468,1360,1360,2018-01-13 04:03:00,2018-01-19 04:03:00,2018-01,DEBIT,Pacific Asia,Oceania,Australia,Mandurah,Australia Occidental,,Second Class,Late delivery,COMPLETE,1,6,2,4,285.1400146,327.75,285.1400146,131.1699982,131.1699982,42.61000061,0.129999995,327.75,0.460000008,1,19468,Corporate,Caguas,Puerto Rico,PR,725.0,18.26163292,-66.03705597,73,Smart watch,327.75,0,73,Sporting Goods,2,Fitness,,http://images.acmesports.sports/Smart+watch ,4,1,0,0,0,0.46001960960831073,153.97001639999996,2018,1,13,6,2018-01-01
75914,179229,19467,1360,1360,2018-01-13 03:42:00,2018-01-18 03:42:00,2018-01,TRANSFER,Pacific Asia,Oceania,Australia,Mandurah,Australia Occidental,,Second Class,Late delivery,PENDING,1,5,2,3,278.5899963,327.75,278.5899963,90.54000092,90.54000092,49.15999985,0.150000006,327.75,0.330000013,1,19467,Consumer,Wilkes Barre,EE. UU.,PA,18702.0,41.23545456,-75.86985779,73,Smart watch,327.75,0,73,Sporting Goods,2,Fitness,,http://images.acmesports.sports/Smart+watch ,3,1,0,0,0,0.32499372598613296,188.04999537999998,2018,1,13,6,2018-01-01
75913,179228,19466,1360,1360,2018-01-13 03:21:00,2018-01-17 03:21:00,2018-01,PAYMENT,Pacific Asia,Eastern Asia,China,Guilin,Guangxi,,Standard Class,Shipping on time,PENDING_PAYMENT,0,4,4,0,275.3099976,327.75,275.3099976,82.58999634,82.58999634,52.43999863,0.159999996,327.75,0.300000012,1,19466,Corporate,Caguas,Puerto Rico,PR,725.0,18.27022362,-66.0370636,73,Smart watch,327.75,0,73,Sporting Goods,2,Fitness,,http://images.acmesports.sports/Smart+watch ,0,0,1,0,0,0.29998909251379835,192.72000125999998,2018,1,13,6,2018-01-01
75912,179227,19465,1360,1360,2018-01-13 03:00:00,2018-01-16 03:00:00,2018-01,DEBIT,Pacific Asia,Eastern Asia,China,Guilin,Guangxi,,Standard Class,Advance shipping,COMPLETE,0,3,4,-1,272.0299988,327.75,272.0299988,-17.13999939,-17.13999939,55.72000122,0.170000002,327.75,-0.059999999,1,19465,Corporate,Roseville,EE. UU.,MI,48066.0,41.86886215,-84.57365418,73,Smart watch,327.75,0,73,Sporting Goods,2,Fitness,,http://images.acmesports.sports/Smart+watch ,-1,0,0,1,0,-0.06300775453299014,289.16999819,2018,1,13,6,2018-01-01
75911,179226,19464,1360,1360,2018-01-13 02:39:00,2018-01-15 02:39:00,2018-01,TRANSFER,Pacific Asia,Eastern Asia,China,Guilin,Guangxi,,Standard Class,Advance shipping,PROCESSING,0,2,4,-2,268.7600098,327.75,268.7600098,23.64999962,23.64999962,59.0,0.180000007,327.75,0.090000004,1,19464,Consumer,Bellflower,EE. UU.,CA,90706.0,33.90942383,-118.1253586,73,Smart watch,327.75,0,73,Sporting Goods,2,Fitness,,http://images.acmesports.sports/Smart+watch ,-2,0,0,1,0,0.0879967210806375,245.11001018,2018,1,13,6,2018-01-01
75910,179225,19463,1360,1360,2018-01-13 02:18:00,2018-01-19 02:18:00,2018-01,DEBIT,Pacific Asia,Eastern Asia,China,Guilin,Guangxi,,Standard Class,Late delivery,ON_HOLD,1,6,4,2,262.2000122,327.75,262.2000122,73.41999817,73.41999817,65.55000305,0.200000003,327.75,0.280000001,1,19463,Consumer,Caguas,Puerto Rico,PR,725.0,18.27526093,-66.0370636,73,Smart watch,327.75,0,73,Sporting Goods,2,Fitness,,http://images.acmesports.sports/Smart+watch ,2,1,0,0,0,0.280015235521793,188.78001403000002,2018,1,13,6,2018-01-01
75909,179224,19462,1360,1360,2018-01-13 01:57:00,2018-01-18 01:57:00,2018-01,DEBIT,Pacific Asia,South Asia,India,Delhi,Delhi,,Standard Class,Late delivery,COMPLETE,1,5,4,1,245.8099976,327.75,245.8099976,113.0699997,113.0699997,81.94000244,0.25,327.75,0.460000008,1,19462,Consumer,Wheaton,EE. UU.,IL,60187.0,41.86544037,-88.10990143,73,Smart watch,327.75,0,73,Sporting Goods,2,Fitness,,http://images.acmesports.sports/Smart+watch ,1,1,0,0,0,0.45998942599558446,132.7399979,2018,1,13,6,2018-01-01
75908,179223,19461,1360,1360,2018-01-13 01:36:00,2018-01-17 01:36:00,2018-01,PAYMENT,Pacific Asia,South Asia,India,Delhi,Delhi,,Standard Class,Shipping on time,PENDING_PAYMENT,0,4,4,0,327.75,327.75,327.75,24.57999992,24.57999992,0.0,0.0,327.75,0.079999998,1,19461,Consumer,Caguas,Puerto Rico,PR,725.0,18.28713608,-66.03705597,73,Smart watch,327.75,0,73,Sporting Goods,2,Fitness,,http://images.acmesports.sports/Smart+watch ,0,0,1,0,0,0.0749961858733791,303.17000008,2018,1,13,6,2018-01-01
75907,179222,19460,1360,1360,2018-01-13 01:15:00,2018-01-15 01:15:00,2018-01,DEBIT,Pacific Asia,Eastern Asia,China,Suzhou,Gansu,,First Class,Late delivery,COMPLETE,1,2,1,1,324.4700012,327.75,324.4700012,-97.33999634,-97.33999634,3.279999971,0.01,327.75,-0.300000012,1,19460,Consumer,Detroit,EE. UU.,MI,48238.0,42.39110184,-83.13121796,73,Smart watch,327.75,0,73,Sporting Goods,2,Fitness,,http://images.acmesports.sports/Smart+watch ,1,1,0,0,0,-0.2999969056615518,421.80999754000004,2018,1,13,6,2018-01-01
75906,179221,19459,1360,1360,2018-01-13 00:54:00,2018-01-15 00:54:00,2018-01,PAYMENT,Pacific Asia,Eastern Asia,China,Suzhou,Gansu,,First Class,Late delivery,PENDING_PAYMENT,1,2,1,1,321.2000122,327.75,321.2000122,-425.5799866,-425.5799866,6.559999943,0.02,327.75,-1.330000043,1,19459,Consumer,Dallas,EE. UU.,TX,75220.0,32.86539459,-96.86858368,73,Smart watch,327.75,0,73,Sporting Goods,2,Fitness,,http://images.acmesports.sports/Smart+watch ,1,1,0,0,0,-1.3249687747054202,746.7799987999999,2018,1,13,6,2018-01-01
75905,179220,19458,1360,1360,2018-01-13 00:33:00,2018-01-15 00:33:00,2018-01,PAYMENT,Pacific Asia,Southeast Asia,Singapur,Singapur,Singapur,,First Class,Late delivery,PENDING_PAYMENT,1,2,1,1,317.9200134,327.75,317.9200134,152.6000061,152.6000061,9.829999924,0.029999999,327.75,0.479999989,1,19458,Corporate,Caguas,Puerto Rico,PR,725.0,18.24074173,-66.03705597,73,Smart watch,327.75,0,73,Sporting Goods,2,Fitness,,http://images.acmesports.sports/Smart+watch ,1,1,0,0,0,0.4799949662432922,165.32000730000001,2018,1,13,6,2018-01-01
75904,179219,19457,1360,1360,2018-01-13 00:12:00,2018-01-15 00:12:00,2018-01,CASH,Pacific Asia,South Asia,India,Hubli,Karnataka,,First Class,Late delivery,CLOSED,1,2,1,1,314.6400146,327.75,314.6400146,151.0299988,151.0299988,13.10999966,0.039999999,327.75,0.479999989,1,19457,Corporate,Carlisle,EE. UU.,PA,17013.0,40.03171921,-76.87709808,73,Smart watch,327.75,0,73,Sporting Goods,2,Fitness,,http://images.acmesports.sports/Smart+watch ,1,1,0,0,0,0.48000887297187406,163.61001579999999,2018,1,13,6,2018-01-01
75903,179218,19456,1360,1360,2018-01-12 23:51:00,2018-01-14 23:51:00,2018-01,DEBIT,Pacific Asia,Oceania,Australia,Wollongong,Nueva Gales del Sur,,First Class,Late delivery,COMPLETE,1,2,1,1,311.3599854,327.75,311.3599854,62.27000046,62.27000046,16.38999939,0.050000001,327.75,0.200000003,1,19456,Corporate,Dallas,EE. UU.,TX,75228.0,32.81010819,-96.68649292,73,Smart watch,327.75,0,73,Sporting Goods,2,Fitness,,http://images.acmesports.sports/Smart+watch ,1,1,0,0,0,0.19999358742261808,249.08998494000002,2018,1,12,5,2018-01-01
75902,179217,19455,1360,1360,2018-01-12 23:30:00,2018-01-13 11:30:00,2018-01,DEBIT,Pacific Asia,Oceania,Australia,Wollongong,Nueva Gales del Sur,,Same Day,Late delivery,COMPLETE,1,1,0,1,309.7200012,327.75,309.7200012,35.0,35.0,18.03000069,0.059999999,327.75,0.109999999,1,19455,Consumer,Caguas,Puerto Rico,PR,725.0,18.28604889,-66.03705597,73,Smart watch,327.75,0,73,Sporting Goods,2,Fitness,,http://images.acmesports.sports/Smart+watch ,1,1,0,0,0,0.11300529466742104,274.7200012,2018,1,12,5,2018-01-01
75901,179216,19454,1360,1360,2018-01-12 23:09:00,2018-01-13 11:09:00,2018-01,TRANSFER,Pacific Asia,Oceania,Australia,Wollongong,Nueva Gales del Sur,,Same Day,Shipping canceled,CANCELED,0,1,0,1,304.8099976,327.75,304.8099976,57.29999924,57.29999924,22.94000053,0.07,327.75,0.189999998,1,19454,Consumer,Newark,EE. UU.,DE,19702.0,39.68188095,-75.64421082,73,Smart watch,327.75,0,73,Sporting Goods,2,Fitness,,http://images.acmesports.sports/Smart+watch ,1,0,0,0,1,0.18798595745272892,247.50999835999997,2018,1,12,5,2018-01-01
75900,179215,19453,1360,1360,2018-01-12 22:48:00,2018-01-13 10:48:00,2018-01,PAYMENT,Pacific Asia,Southeast Asia,Singapur,Singapur,Singapur,,Same Day,Late delivery,PENDING_PAYMENT,1,1,0,1,298.25,327.75,298.25,143.1600037,143.1600037,29.5,0.090000004,327.75,0.479999989,1,19453,Consumer,Panorama City,EE. UU.,CA,91402.0,34.15893936,-118.1809387,73,Smart watch,327.75,0,73,Sporting Goods,2,Fitness,,http://images.acmesports.sports/Smart+watch ,1,1,0,0,0,0.48000001240569995,155.0899963,2018,1,12,5,2018-01-01
75899,179214,19452,1360,1360,2018-01-12 22:27:00,2018-01-13 10:27:00,2018-01,DEBIT,Pacific Asia,Southeast Asia,Singapur,Singapur,Singapur,,Same Day,Late delivery,COMPLETE,1,1,0,1,294.980011,327.75,294.980011,135.6900024,135.6900024,32.77999878,0.100000001,327.75,0.460000008,1,19452,Home Office,Caguas,Puerto Rico,PR,725.0,18.28294563,-66.0370636,73,Smart watch,327.75,0,73,Sporting Goods,2,Fitness,,http://images.acmesports.sports/Smart+watch ,1,1,0,0,0,0.4599972789342665,159.2900086,2018,1,12,5,2018-01-01
75898,179213,19451,1360,1360,2018-01-12 22:05:00,2018-01-16 22:05:00,2018-01,CASH,Pacific Asia,Southeast Asia,Indonesia,Medan,Sumatra Septentrional,,Standard Class,Shipping on time,CLOSED,0,4,4,0,288.4200134,327.75,288.4200134,132.6699982,132.6699982,39.33000183,0.119999997,327.75,0.460000008,1,19451,Home Office,Atlanta,EE. UU.,GA,30318.0,33.81632614,-84.44550324,73,Smart watch,327.75,0,73,Sporting Goods,2,Fitness,,http://images.acmesports.sports/Smart+watch ,0,0,1,0,0,0.45998887745700384,155.7500152,2018,1,12,5,2018-01-01
75897,179212,19450,1360,1360,2018-01-12 21:44:00,2018-01-15 21:44:00,2018-01,PAYMENT,Pacific Asia,Southeast Asia,Indonesia,Medan,Sumatra Septentrional,,Standard Class,Advance shipping,PENDING_PAYMENT,0,3,4,-1,285.1400146,327.75,285.1400146,119.7600021,119.7600021,42.61000061,0.129999995,327.75,0.419999987,1,19450,Home Office,Caguas,Puerto Rico,PR,725.0,18.24103928,-66.0370636,73,Smart watch,327.75,0,73,Sporting Goods,2,Fitness,,http://images.acmesports.sports/Smart+watch ,-1,0,0,1,0,0.4200041943183656,165.38001249999996,2018,1,12,5,2018-01-01
75896,179211,19449,1360,1360,2018-01-12 21:23:00,2018-01-14 21:23:00,2018-01,DEBIT,Pacific Asia,Oceania,Australia,Canberra,Territorio de la Capital Australiana,,Standard Class,Advance shipping,COMPLETE,0,2,4,-2,278.5899963,327.75,278.5899963,31.47999954,31.47999954,49.15999985,0.150000006,327.75,0.109999999,1,19449,Consumer,Fremont,EE. UU.,CA,94539.0,37.49027634,-121.9271088,73,Smart watch,327.75,0,73,Sporting Goods,2,Fitness,,http://images.acmesports.sports/Smart+watch ,-2,0,0,1,0,0.11299759488169389,247.10999676,2018,1,12,5,2018-01-01
75895,179210,19448,1360,1360,2018-01-12 21:02:00,2018-01-18 21:02:00,2018-01,TRANSFER,Pacific Asia,South Asia,India,Bangalore,Karnataka,,Standard Class,Late delivery,PENDING,1,6,4,2,275.3099976,327.75,275.3099976,86.16999817,86.16999817,52.43999863,0.159999996,327.75,0.310000002,1,19448,Corporate,Caguas,Puerto Rico,PR,725.0,18.26469612,-66.03705597,73,Smart watch,327.75,0,73,Sporting Goods,2,Fitness,,http://images.acmesports.sports/Smart+watch ,2,1,0,0,0,0.3129926225752145,189.13999943,2018,1,12,5,2018-01-01
75894,179209,19447,1360,1360,2018-01-12 20:41:00,2018-01-17 20:41:00,2018-01,TRANSFER,Pacific Asia,South Asia,India,Bangalore,Karnataka,,Second Class,Late delivery,PENDING,1,5,2,3,272.0299988,327.75,272.0299988,130.5800018,130.5800018,55.72000122,0.170000002,327.75,0.479999989,1,19447,Corporate,Rochester,EE. UU.,NY,14609.0,43.18824005,-77.56706238,73,Smart watch,327.75,0,73,Sporting Goods,2,Fitness,,http://images.acmesports.sports/Smart+watch ,3,1,0,0,0,0.4800205946992049,141.449997,2018,1,12,5,2018-01-01
75893,179208,19446,1360,1360,2018-01-12 20:20:00,2018-01-16 20:20:00,2018-01,TRANSFER,Pacific Asia,Eastern Asia,China,Yiwu,Zhejiang,,Standard Class,Shipping on time,PROCESSING,0,4,4,0,268.7600098,327.75,268.7600098,0.0,0.0,59.0,0.180000007,327.75,0.0,1,19446,Corporate,Dallas,EE. UU.,TX,75211.0,32.753685,-96.86553955,73,Smart watch,327.75,0,73,Sporting Goods,2,Fitness,,http://images.acmesports.sports/Smart+watch ,0,0,1,0,0,0.0,268.7600098,2018,1,12,5,2018-01-01
28744,71956,9083,365,365,2016-02-24 13:57:00,2016-02-29 13:57:00,2016-02,PAYMENT,Pacific Asia,South Asia,India,Mirzapur,Uttar Pradesh,,Second Class,Late delivery,PENDING_PAYMENT,1,5,2,3,115.1800003,119.9800034,115.1800003,-30.75,-30.75,4.800000191,0.039999999,59.99000168,-0.270000011,2,9083,Home Office,Bayamon,Puerto Rico,PR,957.0,18.38011932,-66.18312836,17,Perfect Fitness Perfect Rip Deck,59.99000168,0,17,Cleats,4,Apparel,,http://images.acmesports.sports/Perfect+Fitness+Perfect+Rip+Deck,3,1,0,0,0,-0.2669734321922901,145.93000030000002,2016,2,24,3,2016-02-01
45461,113598,4741,627,627,2016-10-25 14:39:00,2016-10-27 14:39:00,2016-10,PAYMENT,Pacific Asia,West Asia,Turquía,Bursa,Bursa,,Second Class,Shipping on time,PENDING_PAYMENT,0,2,2,0,79.18000031,79.98000336,79.18000031,-122.7300034,-122.7300034,0.800000012,0.01,39.99000168,-1.549999952,2,4741,Home Office,Caguas,Puerto Rico,PR,725.0,18.23557282,-66.3706131,29,Under Armour Girls' Toddler Spine Surge Runni,39.99000168,0,29,Shop By Sport,5,Golf,,http://images.acmesports.sports/Under+Armour+Girls%27+Toddler+Spine+Surge+Running+Shoe,0,0,1,0,0,-1.550012666323517,201.91000371,2016,10,25,2,2016-10-01
31115,77757,639,502,502,2016-03-30 04:37:00,2016-04-05 04:37:00,2016-03,PAYMENT,Pacific Asia,Oceania,Australia,Murray Bridge,Australia del Sur,,Second Class,Late delivery,PENDING_PAYMENT,1,6,2,4,96.0,100.0,96.0,33.59999847,33.59999847,4.0,0.039999999,50.0,0.349999994,2,639,Home Office,Caguas,Puerto Rico,PR,725.0,18.02536774,-66.61303711,24,Nike Men's Dri-FIT Victory Golf Polo,50.0,0,24,Women's Apparel,5,Golf,,http://images.acmesports.sports/Nike+Men%27s+Dri-FIT+Victory+Golf+Polo,4,1,0,0,0,0.34999998406250005,62.40000153,2016,3,30,3,2016-03-01
45766,114401,9702,627,627,2016-10-30 01:31:00,2016-11-01 01:31:00,2016-10,PAYMENT,Pacific Asia,West Asia,Turquía,Kartal,Estambul,,Second Class,Shipping on time,PENDING_PAYMENT,0,2,2,0,75.98000336,79.98000336,75.98000336,24.69000053,24.69000053,4.0,0.050000001,39.99000168,0.330000013,2,9702,Home Office,Caguas,Puerto Rico,PR,725.0,18.27383804,-66.37063599,29,Under Armour Girls' Toddler Spine Surge Runni,39.99000168,0,29,Shop By Sport,5,Golf,,http://images.acmesports.sports/Under+Armour+Girls%27+Toddler+Spine+Surge+Running+Shoe,0,0,1,0,0,0.3249539278514715,51.29000283,2016,10,30,0,2016-10-01
47752,119405,9114,502,502,2016-11-28 01:18:00,2016-12-01 01:18:00,2016-11,PAYMENT,Pacific Asia,Eastern Asia,Mongolia,Ulan Bator,Ulán Bator,,Second Class,Late delivery,PENDING_PAYMENT,1,3,2,1,91.0,100.0,91.0,9.100000381,9.100000381,9.0,0.090000004,50.0,0.100000001,2,9114,Home Office,Caguas,Puerto Rico,PR,725.0,18.2848053,-66.37059021,24,Nike Men's Dri-FIT Victory Golf Polo,50.0,0,24,Women's Apparel,5,Golf,,http://images.acmesports.sports/Nike+Men%27s+Dri-FIT+Victory+Golf+Polo,1,1,0,0,0,0.10000000418681318,81.899999619,2016,11,28,1,2016-11-01
50054,125135,1362,502,502,2016-12-31 15:47:00,2017-01-05 15:47:00,2016-12,PAYMENT,Pacific Asia,West Asia,Turquía,Estambul,Estambul,,Second Class,Late delivery,PENDING_PAYMENT,1,5,2,3,87.0,100.0,87.0,-21.75,-21.75,13.0,0.129999995,50.0,-0.25,2,1362,Home Office,Caguas,Puerto Rico,PR,725.0,18.29496765,-66.37050629,24,Nike Men's Dri-FIT Victory Golf Polo,50.0,0,24,Women's Apparel,5,Golf,,http://images.acmesports.sports/Nike+Men%27s+Dri-FIT+Victory+Golf+Polo,3,1,0,0,0,-0.25,108.75,2016,12,31,6,2016-12-01
20365,50842,8011,502,502,2015-10-25 06:24:00,2015-10-31 06:24:00,2015-10,PAYMENT,Pacific Asia,South Asia,India,Raipur,Rajastán,,Second Class,Late delivery,PENDING_PAYMENT,1,6,2,4,82.0,100.0,82.0,6.150000095,6.150000095,18.0,0.180000007,50.0,0.079999998,2,8011,Home Office,Caguas,Puerto Rico,PR,725.0,18.25571251,-66.37050629,24,Nike Men's Dri-FIT Victory Golf Polo,50.0,0,24,Women's Apparel,5,Golf,,http://images.acmesports.sports/Nike+Men%27s+Dri-FIT+Victory+Golf+Polo,4,1,0,0,0,0.07500000115853658,75.849999905,2015,10,25,0,2015-10-01
36146,90273,3296,278,278,2016-06-11 15:12:00,2016-06-13 15:12:00,2016-06,PAYMENT,USCA,West of USA,Estados Unidos,Pasco,Washington,99301.0,Second Class,Shipping on time,PENDING_PAYMENT,0,2,2,0,74.68000031,89.98000336,74.68000031,22.40999985,22.40999985,15.30000019,0.170000002,44.99000168,0.300000012,2,3296,Home Office,Caguas,Puerto Rico,PR,725.0,18.23466301,-66.37059784,13,Under Armour Men's Compression EV SL Slide,44.99000168,0,13,Electronics,3,Footwear,,http://images.acmesports.sports/Under+Armour+Men%27s+Compression+EV+SL+Slide,0,0,1,0,0,0.30008033954171254,52.27000046,2016,6,11,6,2016-06-01
41234,102921,3182,249,249,2016-08-24 21:45:00,2016-08-29 21:45:00,2016-08,PAYMENT,USCA,West of USA,Estados Unidos,Los Angeles,California,90049.0,Second Class,Late delivery,PENDING_PAYMENT,1,5,2,3,90.15000153,109.9400024,90.15000153,25.23999977,25.23999977,19.79000092,0.180000007,54.97000122,0.280000001,2,3182,Home Office,Caguas,Puerto Rico,PR,725.0,18.26268196,-66.37049866,12,Under Armour Women's Micro G Skulpt Running S,54.97000122,0,12,Boxing & MMA,3,Footwear,,http://images.acmesports.sports/Under+Armour+Women%27s+Micro+G+Skulpt+Running+Shoe,3,1,0,0,0,0.2799778074501825,64.91000176,2016,8,24,3,2016-08-01
32090,80250,7864,365,365,2016-04-13 10:12:00,2016-04-19 10:12:00,2016-04,PAYMENT,USCA,West of USA,Estados Unidos,San Francisco,California,94110.0,Second Class,Late delivery,PENDING_PAYMENT,1,6,2,4,117.5800018,119.9800034,117.5800018,30.5699997,30.5699997,2.400000095,0.02,59.99000168,0.25999999,2,7864,Home Office,Caguas,Puerto Rico,PR,725.0,18.28279495,-66.37055969,17,Perfect Fitness Perfect Rip Deck,59.99000168,0,17,Cleats,4,Apparel,,http://images.acmesports.sports/Perfect+Fitness+Perfect+Rip+Deck,4,1,0,0,0,0.2599931895901706,87.01000210000001,2016,4,13,3,2016-04-01
34773,86866,11169,365,365,2016-05-22 14:10:00,2016-05-26 14:10:00,2016-05,PAYMENT,USCA,US Center,Estados Unidos,Overland Park,Kansas,66212.0,Second Class,Late delivery,PENDING_PAYMENT,1,4,2,2,95.98000336,119.9800034,95.98000336,46.0699997,46.0699997,24.0,0.200000003,59.99000168,0.479999989,2,11169,Home Office,Caguas,Puerto Rico,PR,725.0,18.27466202,-66.37058258,17,Perfect Fitness Perfect Rip Deck,59.99000168,0,17,Cleats,4,Apparel,,http://images.acmesports.sports/Perfect+Fitness+Perfect+Rip+Deck,2,1,0,0,0,0.4799958125360916,49.91000366,2016,5,22,0,2016-05-01
44046,110025,5197,191,191,2016-10-04 22:55:00,2016-10-06 22:55:00,2016-10,PAYMENT,Africa,West Africa,Nigeria,Ugep,Cross River,,Second Class,Shipping on time,PENDING_PAYMENT,0,2,2,0,263.9700012,299.9700012,263.9700012,-184.7799988,-184.7799988,36.0,0.119999997,99.98999786,-0.699999988,3,5197,Home Office,Caguas,Puerto Rico,PR,725.0,18.2689991,-66.37049866,9,Nike Men's Free 5.0+ Running Shoe,99.98999786,0,9,Cardio Equipment,3,Footwear,,http://images.acmesports.sports/Nike+Men%27s+Free+5.0%2B+Running+Shoe,0,0,1,0,0,-0.7000037805811093,448.75,2016,10,4,2,2016-10-01
46414,116033,1535,627,627,2016-11-08 12:32:00,2016-11-13 12:32:00,2016-11,PAYMENT,Africa,Central Africa,República Democrática del Congo,Kinshasa,Kinshasa,,Second Class,Late delivery,PENDING_PAYMENT,1,5,2,3,113.9700012,119.9700012,113.9700012,38.75,38.75,6.0,0.050000001,39.99000168,0.340000004,3,1535,Home Office,Caguas,Puerto Rico,PR,725.0,18.2308178,-66.37052155,29,Under Armour Girls' Toddler Spine Surge Runni,39.99000168,0,29,Shop By Sport,5,Golf,,http://images.acmesports.sports/Under+Armour+Girls%27+Toddler+Spine+Surge+Running+Shoe,3,1,0,0,0,0.3400017512678591,75.2200012,2016,11,8,2,2016-11-01
46599,116462,6122,917,917,2016-11-11 05:21:00,2016-11-16 05:21:00,2016-11,PAYMENT,Africa,West Africa,Senegal,Dakar,Dakar,,Second Class,Late delivery,PENDING_PAYMENT,1,5,2,3,63.99000168,65.97000122,63.99000168,-3.650000095,-3.650000095,1.980000019,0.029999999,21.98999977,-0.059999999,3,6122,Home Office,Caguas,Puerto Rico,PR,725.0,18.26138115,-66.37056732,41,Glove It Women's Mod Oval 3-Zip Carry All Gol,21.98999977,0,41,Trade-In,6,Outdoors,,http://images.acmesports.sports/Glove+It+Women%27s+Mod+Oval+3-Zip+Carry+All+Golf+Bag,3,1,0,0,0,-0.05704016251246331,67.640001775,2016,11,11,5,2016-11-01
48434,121134,9451,828,828,2016-12-08 00:14:00,2016-12-13 00:14:00,2016-12,PAYMENT,Africa,North Africa,Marruecos,Casablanca,Gran Casablanca,,Second Class,Late delivery,PENDING_PAYMENT,1,5,2,3,79.66000366,95.97000122,79.66000366,38.22999954,38.22999954,16.30999947,0.170000002,31.98999977,0.479999989,3,9451,Home Office,Caguas,Puerto Rico,PR,725.0,18.23650742,-66.37051392,37,Bridgestone e6 Straight Distance NFL San Dieg,31.98999977,0,37,Electronics,6,Outdoors,,http://images.acmesports.sports/Bridgestone+e6+Straight+Distance+NFL+San+Diego+Chargers...,3,1,0,0,0,0.4799146093837877,41.43000412,2016,12,8,4,2016-12-01
12827,32072,542,191,191,2015-07-07 05:31:00,2015-07-10 05:31:00,2015-07,PAYMENT,Europe,Western Europe,Alemania,Dortmund,Renania del Norte-Westfalia,,Second Class,Late delivery,PENDING_PAYMENT,1,3,2,1,293.9700012,299.9700012,293.9700012,129.3500061,129.3500061,6.0,0.02,99.98999786,0.439999998,3,542,Home Office,Caguas,Puerto Rico,PR,725.0,18.35921478,-66.07779694,9,Nike Men's Free 5.0+ Running Shoe,99.98999786,0,9,Cardio Equipment,3,Footwear,,http://images.acmesports.sports/Nike+Men%27s+Free+5.0%2B+Running+Shoe,1,1,0,0,0,0.4400109044187737,164.6199951,2015,7,7,2,2015-07-01
63936,159828,11329,191,191,2017-07-22 07:16:00,2017-07-24 07:16:00,2017-07,PAYMENT,Europe,Western Europe,Francia,Drancy,Isla de Francia,,Second Class,Shipping on time,PENDING_PAYMENT,0,2,2,0,269.9700012,299.9700012,269.9700012,132.2899933,132.2899933,30.0,0.100000001,99.98999786,0.49000001,3,11329,Home Office,Caguas,Puerto Rico,PR,725.0,18.29944229,-66.37052155,9,Nike Men's Free 5.0+ Running Shoe,99.98999786,0,9,Cardio Equipment,3,Footwear,,http://images.acmesports.sports/Nike+Men%27s+Free+5.0%2B+Running+Shoe,0,0,1,0,0,0.4900173823461093,137.68000790000002,2017,7,22,6,2017-07-01
65030,162548,3570,191,191,2017-08-07 06:33:00,2017-08-13 06:33:00,2017-08,PAYMENT,Europe,Western Europe,Francia,Nantes,Países del Loira,,Second Class,Late delivery,PENDING_PAYMENT,1,6,2,4,224.9799957,299.9700012,224.9799957,76.04000092,76.04000092,74.98999786,0.25,99.98999786,0.340000004,3,3570,Home Office,Caguas,Puerto Rico,PR,725.0,18.28996849,-66.37054443,9,Nike Men's Free 5.0+ Running Shoe,99.98999786,0,9,Cardio Equipment,3,Footwear,,http://images.acmesports.sports/Nike+Men%27s+Free+5.0%2B+Running+Shoe,4,1,0,0,0,0.33798560926899335,148.93999478,2017,8,7,1,2017-08-01
18108,45253,650,365,365,2015-09-22 07:41:00,2015-09-26 07:41:00,2015-09,PAYMENT,Europe,Western Europe,Países Bajos,Groningen,Groningen,,Second Class,Late delivery,PENDING_PAYMENT,1,4,2,2,176.3699951,179.9700012,176.3699951,81.12999725,81.12999725,3.599999905,0.02,59.99000168,0.460000008,3,650,Home Office,Caguas,Puerto Rico,PR,725.0,18.2275734,-66.04563141,17,Perfect Fitness Perfect Rip Deck,59.99000168,0,17,Cleats,4,Apparel,,http://images.acmesports.sports/Perfect+Fitness+Perfect+Rip+Deck,2,1,0,0,0,0.459998863207997,95.23999785000001,2015,9,22,2,2015-09-01
62571,156394,9353,365,365,2017-07-02 09:03:00,2017-07-04 09:03:00,2017-07,PAYMENT,Europe,Northern Europe,Reino Unido,Gateshead,Inglaterra,,Second Class,Shipping on time,PENDING_PAYMENT,0,2,2,0,167.3699951,179.9700012,167.3699951,43.52000046,43.52000046,12.60000038,0.07,59.99000168,0.25999999,3,9353,Home Office,Caguas,Puerto Rico,PR,725.0,18.2988205,-66.37059784,17,Perfect Fitness Perfect Rip Deck,59.99000168,0,17,Cleats,4,Apparel,,http://images.acmesports.sports/Perfect+Fitness+Perfect+Rip+Deck,0,0,1,0,0,0.26002271454926984,123.84999464,2017,7,2,0,2017-07-01
17162,42919,54,365,365,2015-09-08 12:15:00,2015-09-11 12:15:00,2015-09,PAYMENT,Europe,Northern Europe,Reino Unido,Eastbourne,Inglaterra,,Second Class,Late delivery,PENDING_PAYMENT,1,3,2,1,163.7700043,179.9700012,163.7700043,68.77999878,68.77999878,16.20000076,0.090000004,59.99000168,0.419999987,3,54,Home Office,Caguas,Puerto Rico,PR,725.0,18.02538109,-66.61508179,17,Perfect Fitness Perfect Rip Deck,59.99000168,0,17,Cleats,4,Apparel,,http://images.acmesports.sports/Perfect+Fitness+Perfect+Rip+Deck,1,1,0,0,0,0.4199792207003074,94.99000552000001,2015,9,8,2,2015-09-01
65922,164735,12151,365,365,2017-08-20 07:03:00,2017-08-23 07:03:00,2017-08,PAYMENT,Europe,Western Europe,Francia,Hayange,Alsacia-Champaña-Ardenas-Lorena,,Second Class,Late delivery,PENDING_PAYMENT,1,3,2,1,161.9700012,179.9700012,161.9700012,40.49000168,40.49000168,18.0,0.100000001,59.99000168,0.25,3,12151,Home Office,Caguas,Puerto Rico,PR,725.0,18.25048637,-66.37062836,17,Perfect Fitness Perfect Rip Deck,59.99000168,0,17,Cleats,4,Apparel,,http://images.acmesports.sports/Perfect+Fitness+Perfect+Rip+Deck,1,1,0,0,0,0.24998457356311976,121.47999952,2017,8,20,0,2017-08-01
63936,159829,11329,502,502,2017-07-22 07:16:00,2017-07-24 07:16:00,2017-07,PAYMENT,Europe,Western Europe,Francia,Drancy,Isla de Francia,,Second Class,Shipping on time,PENDING_PAYMENT,0,2,2,0,139.5,150.0,139.5,20.93000031,20.93000031,10.5,0.07,50.0,0.150000006,3,11329,Home Office,Caguas,Puerto Rico,PR,725.0,18.29944229,-66.37052155,24,Nike Men's Dri-FIT Victory Golf Polo,50.0,0,24,Women's Apparel,5,Golf,,http://images.acmesports.sports/Nike+Men%27s+Dri-FIT+Victory+Golf+Polo,0,0,1,0,0,0.15003584451612903,118.56999969,2017,7,22,6,2017-07-01
64813,162007,10018,627,627,2017-08-04 02:31:00,2017-08-08 02:31:00,2017-08,PAYMENT,Europe,Northern Europe,Reino Unido,Portsmouth,Inglaterra,,Second Class,Late delivery,PENDING_PAYMENT,1,4,2,2,107.9700012,119.9700012,107.9700012,12.19999981,12.19999981,12.0,0.100000001,39.99000168,0.109999999,3,10018,Home Office,Caguas,Puerto Rico,PR,725.0,18.24069786,-66.37055969,29,Under Armour Girls' Toddler Spine Surge Runni,39.99000168,0,29,Shop By Sport,5,Golf,,http://images.acmesports.sports/Under+Armour+Girls%27+Toddler+Spine+Surge+Running+Shoe,2,1,0,0,0,0.11299434726689621,95.77000139,2017,8,4,5,2017-08-01
67892,169747,3182,502,502,2017-09-18 01:14:00,2017-09-21 01:14:00,2017-09,PAYMENT,Europe,Western Europe,Alemania,Gelsenkirchen,Renania del Norte-Westfalia,,Second Class,Late delivery,PENDING_PAYMENT,1,3,2,1,112.5,150.0,112.5,12.71000004,12.71000004,37.5,0.25,50.0,0.109999999,3,3182,Home Office,Caguas,Puerto Rico,PR,725.0,18.26268196,-66.37049866,24,Nike Men's Dri-FIT Victory Golf Polo,50.0,0,24,Women's Apparel,5,Golf,,http://images.acmesports.sports/Nike+Men%27s+Dri-FIT+Victory+Golf+Polo,1,1,0,0,0,0.11297777813333335,99.78999996,2017,9,18,1,2017-09-01
12525,31344,4936,917,917,2015-07-02 19:42:00,2015-07-08 19:42:00,2015-07,PAYMENT,Europe,Western Europe,Francia,Nice,Provenza-Alpes-Costa Azul,,Second Class,Late delivery,PENDING_PAYMENT,1,6,2,4,55.40999985,65.97000122,55.40999985,7.760000229,7.760000229,10.56000042,0.159999996,21.98999977,0.140000001,3,4936,Home Office,Caguas,Puerto Rico,PR,725.0,18.21209908,-66.37050629,41,Glove It Women's Mod Oval 3-Zip Carry All Gol,21.98999977,0,41,Trade-In,6,Outdoors,,http://images.acmesports.sports/Glove+It+Women%27s+Mod+Oval+3-Zip+Carry+All+Golf+Bag,4,1,0,0,0,0.14004692745004582,47.649999621,2015,7,2,4,2015-07-01
5895,14664,8707,191,191,2015-03-28 00:55:00,2015-04-03 00:55:00,2015-03,PAYMENT,LATAM,Central America,Guatemala,Petapa,Guatemala,,Second Class,Late delivery,PENDING_PAYMENT,1,6,2,4,299.9700012,299.9700012,299.9700012,101.3899994,101.3899994,0.0,0.0,99.98999786,0.340000004,3,8707,Home Office,Caguas,Puerto Rico,PR,725.0,18.23131371,-66.37062836,9,Nike Men's Free 5.0+ Running Shoe,99.98999786,0,9,Cardio Equipment,3,Footwear,,http://images.acmesports.sports/Nike+Men%27s+Free+5.0%2B+Running+Shoe,4,1,0,0,0,0.33800046336100087,198.58000180000002,2015,3,28,6,2015-03-01
56359,140970,1025,365,365,2017-04-02 16:43:00,2017-04-07 16:43:00,2017-04,PAYMENT,LATAM,Central America,El Salvador,Mejicanos,San Salvador,,Second Class,Late delivery,PENDING_PAYMENT,1,5,2,3,178.1699982,179.9700012,178.1699982,-285.0700073,-285.0700073,1.799999952,0.01,59.99000168,-1.600000024,3,1025,Home Office,Caguas,Puerto Rico,PR,725.0,18.29652023,-66.04867554,17,Perfect Fitness Perfect Rip Deck,59.99000168,0,17,Cleats,4,Apparel,,http://images.acmesports.sports/Perfect+Fitness+Perfect+Rip+Deck,3,1,0,0,0,-1.599988831902003,463.2400055,2017,4,2,0,2017-04-01
58613,146701,8831,365,365,2017-05-05 14:23:00,2017-05-09 14:23:00,2017-05,PAYMENT,LATAM,Central America,Panamá,David,Chiriquí,,Second Class,Late delivery,PENDING_PAYMENT,1,4,2,2,170.9700012,179.9700012,170.9700012,42.74000168,42.74000168,9.0,0.050000001,59.99000168,0.25,3,8831,Home Office,Caguas,Puerto Rico,PR,725.0,18.28746414,-66.37054443,17,Perfect Fitness Perfect Rip Deck,59.99000168,0,17,Cleats,4,Apparel,,http://images.acmesports.sports/Perfect+Fitness+Perfect+Rip+Deck,2,1,0,0,0,0.2499853856233113,128.22999952,2017,5,5,5,2017-05-01
7824,19564,10679,365,365,2015-04-25 04:44:00,2015-04-30 04:44:00,2015-04,PAYMENT,LATAM,Caribbean,República Dominicana,Santo Domingo,Santo Domingo,,Second Class,Late delivery,PENDING_PAYMENT,1,5,2,3,170.0700073,179.9700012,170.0700073,49.3199997,49.3199997,9.899999619,0.059999999,59.99000168,0.289999992,3,10679,Home Office,Caguas,Puerto Rico,PR,725.0,18.29108048,-66.37050629,17,Perfect Fitness Perfect Rip Deck,59.99000168,0,17,Cleats,4,Apparel,,http://images.acmesports.sports/Perfect+Fitness+Perfect+Rip+Deck,3,1,0,0,0,0.28999822180874335,120.75000759999999,2015,4,25,6,2015-04-01
7814,19544,5007,365,365,2015-04-25 01:14:00,2015-04-30 01:14:00,2015-04,PAYMENT,LATAM,South America,Venezuela,Cabimas,Zulia,,Second Class,Late delivery,PENDING_PAYMENT,1,5,2,3,167.3699951,179.9700012,167.3699951,80.33999634,80.33999634,12.60000038,0.07,59.99000168,0.479999989,3,5007,Home Office,Caguas,Puerto Rico,PR,725.0,18.24984551,-66.37050629,17,Perfect Fitness Perfect Rip Deck,59.99000168,0,17,Cleats,4,Apparel,,http://images.acmesports.sports/Perfect+Fitness+Perfect+Rip+Deck,3,1,0,0,0,0.48001433167276225,87.02999876000001,2015,4,25,6,2015-04-01
7814,19542,5007,365,365,2015-04-25 01:14:00,2015-04-30 01:14:00,2015-04,PAYMENT,LATAM,South America,Venezuela,Cabimas,Zulia,,Second Class,Late delivery,PENDING_PAYMENT,1,5,2,3,163.7700043,179.9700012,163.7700043,-26.69000053,-26.69000053,16.20000076,0.090000004,59.99000168,-0.159999996,3,5007,Home Office,Caguas,Puerto Rico,PR,725.0,18.24984551,-66.37050629,17,Perfect Fitness Perfect Rip Deck,59.99000168,0,17,Cleats,4,Apparel,,http://images.acmesports.sports/Perfect+Fitness+Perfect+Rip+Deck,3,1,0,0,0,-0.1629724603359493,190.46000483,2015,4,25,6,2015-04-01
60807,152161,9854,365,365,2017-06-06 15:03:00,2017-06-09 15:03:00,2017-06,PAYMENT,LATAM,Caribbean,República Dominicana,Santo Domingo,Santo Domingo,,Second Class,Late delivery,PENDING_PAYMENT,1,3,2,1,152.9700012,179.9700012,152.9700012,-117.3300018,-117.3300018,27.0,0.150000006,59.99000168,-0.769999981,3,9854,Home Office,Caguas,Puerto Rico,PR,725.0,18.25671768,-66.37062836,17,Perfect Fitness Perfect Rip Deck,59.99000168,0,17,Cleats,4,Apparel,,http://images.acmesports.sports/Perfect+Fitness+Perfect+Rip+Deck,1,1,0,0,0,-0.7670131455813834,270.300003,2017,6,6,2,2017-06-01
53413,133456,376,365,365,2017-02-18 16:36:00,2017-02-22 16:36:00,2017-02,PAYMENT,LATAM,South America,Colombia,Dos Quebradas,Risaralda,,Second Class,Late delivery,PENDING_PAYMENT,1,4,2,2,152.9700012,179.9700012,152.9700012,47.88000107,47.88000107,27.0,0.150000006,59.99000168,0.310000002,3,376,Home Office,Caguas,Puerto Rico,PR,725.0,18.24754334,-66.0253067,17,Perfect Fitness Perfect Rip Deck,59.99000168,0,17,Cleats,4,Apparel,,http://images.acmesports.sports/Perfect+Fitness+Perfect+Rip+Deck,2,1,0,0,0,0.3130025540589457,105.09000013000002,2017,2,18,6,2017-02-01
7888,19707,5417,502,502,2015-04-26 03:10:00,2015-04-30 03:10:00,2015-04,PAYMENT,LATAM,Central America,El Salvador,Ilopango,San Salvador,,Second Class,Late delivery,PENDING_PAYMENT,1,4,2,2,150.0,150.0,150.0,72.0,72.0,0.0,0.0,50.0,0.479999989,3,5417,Home Office,Caguas,Puerto Rico,PR,725.0,18.27673721,-66.37055206,24,Nike Men's Dri-FIT Victory Golf Polo,50.0,0,24,Women's Apparel,5,Golf,,http://images.acmesports.sports/Nike+Men%27s+Dri-FIT+Victory+Golf+Polo,2,1,0,0,0,0.48,78.0,2015,4,26,0,2015-04-01
6783,16956,10759,627,627,2015-04-10 00:02:00,2015-04-14 00:02:00,2015-04,PAYMENT,LATAM,Central America,Honduras,Tegucigalpa,Francisco Morazán,,Second Class,Late delivery,PENDING_PAYMENT,1,4,2,2,115.1699982,119.9700012,115.1699982,29.94000053,29.94000053,4.800000191,0.039999999,39.99000168,0.25999999,3,10759,Home Office,Caguas,Puerto Rico,PR,725.0,18.2968483,-66.37050629,29,Under Armour Girls' Toddler Spine Surge Runni,39.99000168,0,29,Shop By Sport,5,Golf,,http://images.acmesports.sports/Under+Armour+Girls%27+Toddler+Spine+Surge+Running+Shoe,2,1,0,0,0,0.2599635408347171,85.22999766999999,2015,4,10,5,2015-04-01
56973,142502,8541,502,502,2017-04-11 15:49:00,2017-04-15 15:49:00,2017-04,PAYMENT,LATAM,South America,Brasil,Juazeiro,Bahía,,Second Class,Late delivery,PENDING_PAYMENT,1,4,2,2,144.0,150.0,144.0,23.46999931,23.46999931,6.0,0.039999999,50.0,0.159999996,3,8541,Home Office,Caguas,Puerto Rico,PR,725.0,18.29609299,-66.37050629,24,Nike Men's Dri-FIT Victory Golf Polo,50.0,0,24,Women's Apparel,5,Golf,,http://images.acmesports.sports/Nike+Men%27s+Dri-FIT+Victory+Golf+Polo,2,1,0,0,0,0.16298610631944443,120.53000069000001,2017,4,11,2,2017-04-01
7824,19563,10679,502,502,2015-04-25 04:44:00,2015-04-30 04:44:00,2015-04,PAYMENT,LATAM,Caribbean,República Dominicana,Santo Domingo,Santo Domingo,,Second Class,Late delivery,PENDING_PAYMENT,1,5,2,3,142.5,150.0,142.5,68.40000153,68.40000153,7.5,0.050000001,50.0,0.479999989,3,10679,Home Office,Caguas,Puerto Rico,PR,725.0,18.29108048,-66.37050629,24,Nike Men's Dri-FIT Victory Golf Polo,50.0,0,24,Women's Apparel,5,Golf,,http://images.acmesports.sports/Nike+Men%27s+Dri-FIT+Victory+Golf+Polo,3,1,0,0,0,0.48000001073684206,74.09999847,2015,4,25,6,2015-04-01
55155,137932,3752,502,502,2017-03-16 02:54:00,2017-03-22 02:54:00,2017-03,PAYMENT,LATAM,Central America,México,Mexico City,Distrito Federal,,Second Class,Late delivery,PENDING_PAYMENT,1,6,2,4,139.5,150.0,139.5,43.65999985,43.65999985,10.5,0.07,50.0,0.310000002,3,3752,Home Office,Caguas,Puerto Rico,PR,725.0,18.2105732,-66.37058258,24,Nike Men's Dri-FIT Victory Golf Polo,50.0,0,24,Women's Apparel,5,Golf,,http://images.acmesports.sports/Nike+Men%27s+Dri-FIT+Victory+Golf+Polo,4,1,0,0,0,0.3129749093189964,95.84000015000001,2017,3,16,4,2017-03-01
5991,14921,4673,502,502,2015-03-29 10:33:00,2015-03-31 10:33:00,2015-03,PAYMENT,LATAM,Central America,México,Tlaquepaque,Jalisco,,Second Class,Shipping on time,PENDING_PAYMENT,0,2,2,0,132.0,150.0,132.0,13.19999981,13.19999981,18.0,0.119999997,50.0,0.100000001,3,4673,Home Office,Caguas,Puerto Rico,PR,725.0,18.20111656,-66.37059021,24,Nike Men's Dri-FIT Victory Golf Polo,50.0,0,24,Women's Apparel,5,Golf,,http://images.acmesports.sports/Nike+Men%27s+Dri-FIT+Victory+Golf+Polo,0,0,1,0,0,0.09999999856060605,118.80000019,2015,3,29,0,2015-03-01
2263,5671,5367,502,502,2015-02-03 00:28:00,2015-02-07 00:28:00,2015-02,PAYMENT,LATAM,Central America,México,Puebla,Puebla,,Second Class,Late delivery,PENDING_PAYMENT,1,4,2,2,132.0,150.0,132.0,46.20000076,46.20000076,18.0,0.119999997,50.0,0.349999994,3,5367,Home Office,Caguas,Puerto Rico,PR,725.0,18.21469116,-66.37051392,24,Nike Men's Dri-FIT Victory Golf Polo,50.0,0,24,Women's Apparel,5,Golf,,http://images.acmesports.sports/Nike+Men%27s+Dri-FIT+Victory+Golf+Polo,2,1,0,0,0,0.3500000057575758,85.79999924,2015,2,3,2,2015-02-01
2263,5669,5367,502,502,2015-02-03 00:28:00,2015-02-07 00:28:00,2015-02,PAYMENT,LATAM,Central America,México,Puebla,Puebla,,Second Class,Late delivery,PENDING_PAYMENT,1,4,2,2,130.5,150.0,130.5,10.43999958,10.43999958,19.5,0.129999995,50.0,0.079999998,3,5367,Home Office,Caguas,Puerto Rico,PR,725.0,18.21469116,-66.37051392,24,Nike Men's Dri-FIT Victory Golf Polo,50.0,0,24,Women's Apparel,5,Golf,,http://images.acmesports.sports/Nike+Men%27s+Dri-FIT+Victory+Golf+Polo,2,1,0,0,0,0.0799999967816092,120.06000042,2015,2,3,2,2015-02-01
53403,133427,10485,502,502,2017-02-18 13:05:00,2017-02-22 13:05:00,2017-02,PAYMENT,LATAM,Central America,México,Mexico City,Distrito Federal,,Second Class,Late delivery,PENDING_PAYMENT,1,4,2,2,124.5,150.0,124.5,15.56000042,15.56000042,25.5,0.170000002,50.0,0.129999995,3,10485,Home Office,Caguas,Puerto Rico,PR,725.0,18.28425598,-66.37058258,24,Nike Men's Dri-FIT Victory Golf Polo,50.0,0,24,Women's Apparel,5,Golf,,http://images.acmesports.sports/Nike+Men%27s+Dri-FIT+Victory+Golf+Polo,2,1,0,0,0,0.12497992305220883,108.93999958,2017,2,18,6,2017-02-01
51298,128201,9272,627,627,2017-01-18 19:37:00,2017-01-22 19:37:00,2017-01,PAYMENT,LATAM,South America,Brasil,São Paulo,São Paulo,,Second Class,Late delivery,PENDING_PAYMENT,1,4,2,2,99.58000183,119.9700012,99.58000183,32.86000061,32.86000061,20.38999939,0.170000002,39.99000168,0.330000013,3,9272,Home Office,Caguas,Puerto Rico,PR,725.0,18.20666885,-66.37056732,29,Under Armour Girls' Toddler Spine Surge Runni,39.99000168,0,29,Shop By Sport,5,Golf,,http://images.acmesports.sports/Under+Armour+Girls%27+Toddler+Spine+Surge+Running+Shoe,2,1,0,0,0,0.32998594101351403,66.72000122,2017,1,18,3,2017-01-01
4919,12307,647,502,502,2015-03-13 18:59:00,2015-03-18 18:59:00,2015-03,TRANSFER,LATAM,South America,Uruguay,Montevideo,Montevideo,,Standard Class,Late delivery,PENDING,1,5,4,1,240.0,250.0,240.0,9.600000381,9.600000381,10.0,0.039999999,50.0,0.039999999,5,647,Consumer,Caguas,Puerto Rico,PR,725.0,18.35907555,-66.07783508,24,Nike Men's Dri-FIT Victory Golf Polo,50.0,0,24,Women's Apparel,5,Golf,,http://images.acmesports.sports/Nike+Men%27s+Dri-FIT+Victory+Golf+Polo,1,1,0,0,0,0.04000000158749999,230.399999619,2015,3,13,5,2015-03-01
52640,131580,6398,627,627,2017-02-07 09:47:00,2017-02-13 09:47:00,2017-02,TRANSFER,LATAM,South America,Argentina,Buenos Aires,Buenos Aires,,Standard Class,Late delivery,PENDING,1,6,4,2,189.9499969,199.9499969,189.9499969,55.09000015,55.09000015,10.0,0.050000001,39.99000168,0.289999992,5,6398,Consumer,Caguas,Puerto Rico,PR,725.0,18.26378822,-66.37052918,29,Under Armour Girls' Toddler Spine Surge Runni,39.99000168,0,29,Shop By Sport,5,Golf,,http://images.acmesports.sports/Under+Armour+Girls%27+Toddler+Spine+Surge+Running+Shoe,2,1,0,0,0,0.2900236959677466,134.85999675,2017,2,7,2,2017-02-01
6358,15921,4209,627,627,2015-04-03 19:08:00,2015-04-07 19:08:00,2015-04,TRANSFER,LATAM,South America,Brasil,São Paulo,São Paulo,,Standard Class,Shipping on time,PENDING,0,4,4,0,188.9499969,199.9499969,188.9499969,68.58999634,68.58999634,11.0,0.059999999,39.99000168,0.360000014,5,4209,Consumer,Caguas,Puerto Rico,PR,725.0,18.20330429,-66.37052155,29,Under Armour Girls' Toddler Spine Surge Runni,39.99000168,0,29,Shop By Sport,5,Golf,,http://images.acmesports.sports/Under+Armour+Girls%27+Toddler+Spine+Surge+Running+Shoe,0,0,1,0,0,0.36300607285164765,120.36000056,2015,4,3,5,2015-04-01
57106,142841,8917,502,502,2017-04-13 14:25:00,2017-04-15 14:25:00,2017-04,TRANSFER,LATAM,South America,Brasil,Barueri,São Paulo,,Standard Class,Advance shipping,PENDING,0,2,4,-2,236.25,250.0,236.25,51.97999954,51.97999954,13.75,0.059999999,50.0,0.219999999,5,8917,Consumer,Caguas,Puerto Rico,PR,725.0,18.22487068,-66.37052155,24,Nike Men's Dri-FIT Victory Golf Polo,50.0,0,24,Women's Apparel,5,Golf,,http://images.acmesports.sports/Nike+Men%27s+Dri-FIT+Victory+Golf+Polo,-2,0,0,1,0,0.22002116207407407,184.27000046,2017,4,13,4,2017-04-01
6245,15634,7784,502,502,2015-04-02 03:33:00,2015-04-08 03:33:00,2015-04,TRANSFER,LATAM,South America,Brasil,Arapongas,Paraná,,Standard Class,Late delivery,PENDING,1,6,4,2,236.25,250.0,236.25,-23.62999916,-23.62999916,13.75,0.059999999,50.0,-0.100000001,5,7784,Consumer,Caguas,Puerto Rico,PR,725.0,18.25061035,-66.37062836,24,Nike Men's Dri-FIT Victory Golf Polo,50.0,0,24,Women's Apparel,5,Golf,,http://images.acmesports.sports/Nike+Men%27s+Dri-FIT+Victory+Golf+Polo,2,1,0,0,0,-0.10002116046560847,259.87999916,2015,4,2,4,2015-04-01
52166,130341,1425,642,642,2017-01-31 11:43:00,2017-02-02 11:43:00,2017-01,TRANSFER,LATAM,Caribbean,Cuba,Camagüey,Camagüey,,Standard Class,Advance shipping,PENDING,0,2,4,-2,136.5,150.0,136.5,66.88999939,66.88999939,13.5,0.090000004,30.0,0.49000001,5,1425,Consumer,Caguas,Puerto Rico,PR,725.0,18.27340317,-66.37052155,29,Columbia Men's PFG Anchor Tough T-Shirt,30.0,0,29,Shop By Sport,5,Golf,,http://images.acmesports.sports/Columbia+Men%27s+PFG+Anchor+Tough+T-Shirt,-2,0,0,1,0,0.49003662556776556,69.61000061,2017,1,31,2,2017-01-01
56172,140494,2737,627,627,2017-03-30 23:12:00,2017-04-02 23:12:00,2017-03,TRANSFER,LATAM,Caribbean,Cuba,Las Tunas,Las Tunas,,Standard Class,Advance shipping,PENDING,0,3,4,-1,181.9499969,199.9499969,181.9499969,11.46000004,11.46000004,18.0,0.090000004,39.99000168,0.059999999,5,2737,Consumer,Caguas,Puerto Rico,PR,725.0,18.29137993,-66.3705368,29,Under Armour Girls' Toddler Spine Surge Runni,39.99000168,0,29,Shop By Sport,5,Golf,,http://images.acmesports.sports/Under+Armour+Girls%27+Toddler+Spine+Surge+Running+Shoe,-1,0,0,1,0,0.06298433764908737,170.48999686,2017,3,30,4,2017-03-01
55829,139611,6428,502,502,2017-03-25 23:02:00,2017-03-30 23:02:00,2017-03,TRANSFER,LATAM,Caribbean,República Dominicana,Santo Domingo,Santo Domingo,,Standard Class,Late delivery,PENDING,1,5,4,1,225.0,250.0,225.0,22.5,22.5,25.0,0.100000001,50.0,0.100000001,5,6428,Consumer,Caguas,Puerto Rico,PR,725.0,18.24738884,-66.37057495,24,Nike Men's Dri-FIT Victory Golf Polo,50.0,0,24,Women's Apparel,5,Golf,,http://images.acmesports.sports/Nike+Men%27s+Dri-FIT+Victory+Golf+Polo,1,1,0,0,0,0.1,202.5,2017,3,25,6,2017-03-01
